timestamp,power_status,supply_temp,return_temp,delta_temp_raw,delta_temp_clamped,brine_in_temp,brine_out_temp,outdoor_temp,desired_supply_temp,heat_output_kw,cop,power_input_kw
2025-04-13 20:00:00,0.0,31.0,26.0,5.0,5.0,3.0,0.0,7.0,30.0,0.0,,0.0
2025-04-13 20:15:00,1.0,,,,,,2.0,,,0.0,,0.0
2025-04-13 20:30:00,1.0,28.4,,,,,0.5,,,0.0,,0.0
2025-04-13 21:30:00,0.0,56.5,49.25,7.25,7.25,2.0,,,,0.0,,0.0
2025-04-13 22:00:00,0.0,,,,,3.0,,,,0.0,,0.0
2025-04-13 22:30:00,1.0,31.0,26.0,5.0,5.0,,,,,11.495,4.75,2.42
2025-04-13 23:00:00,0.0,27.5,,,,,1.0,8.0,29.0,0.0,,0.0
2025-04-13 23:45:00,1.0,,,,,,,,,0.0,,0.0
2025-04-14 00:00:00,0.0,29.0,,,,,1.0,,,0.0,,0.0
2025-04-14 01:00:00,1.0,27.666666666666668,25.5,2.166666666666668,2.166666666666668,,2.0,,,4.981166666666669,4.75,1.0486666666666673
2025-04-14 01:30:00,0.0,,,,,,,,,0.0,,0.0
2025-04-14 02:00:00,1.0,30.666666666666668,,,,,1.3333333333333333,,,0.0,,0.0
2025-04-14 02:30:00,0.0,28.5,,,,,2.0,,,0.0,,0.0
2025-04-14 03:15:00,0.0,28.333333333333332,,,,3.0,3.0,,,0.0,,0.0
2025-04-14 03:30:00,0.0,28.25,25.0,3.25,3.25,,1.5,9.0,28.0,0.0,,0.0
2025-04-14 04:30:00,1.0,31.0,26.0,5.0,5.0,3.5,,8.0,,11.495,4.75,2.42
2025-04-14 05:00:00,0.0,30.0,,,,,2.0,,29.0,0.0,,0.0
2025-04-14 05:30:00,1.0,,,,,,,,,0.0,,0.0
2025-04-14 06:00:00,0.0,,27.0,,,,0.0,,,0.0,,0.0
2025-04-14 06:45:00,0.0,30.0,,,,,2.0,,,0.0,,0.0
2025-04-14 07:00:00,0.0,25.5,25.0,0.5,2.0,,,,,0.0,,0.0
2025-04-14 08:00:00,1.0,,,,,4.0,,,,0.0,,0.0
2025-04-14 08:30:00,0.0,36.5,30.333333333333332,6.166666666666668,6.166666666666668,,2.25,10.0,27.0,0.0,,0.0
2025-04-14 09:15:00,0.0,53.5,49.5,4.0,4.0,,,,25.0,0.0,,0.0
2025-04-14 09:30:00,0.0,50.625,44.833333333333336,5.791666666666664,5.791666666666664,,1.5,12.0,,0.0,,0.0
2025-04-14 10:15:00,1.0,,,,,4.0,,,,0.0,,0.0
2025-04-14 10:30:00,0.0,,,,,,4.0,13.0,,0.0,,0.0
2025-04-14 11:30:00,0.0,,,,,,,,,0.0,,0.0
2025-04-14 12:00:00,0.0,23.0,23.0,0.0,2.0,5.0,,,,0.0,,0.0
2025-04-14 12:45:00,0.0,,,,,,,,,0.0,,0.0
2025-04-14 13:00:00,0.0,,,,,,5.0,,,0.0,,0.0
2025-04-14 13:45:00,0.0,54.0,49.5,4.5,4.5,4.0,1.0,,,0.0,,0.0
2025-04-14 14:00:00,0.0,45.42857142857143,40.166666666666664,5.261904761904766,5.261904761904766,,3.0,,,0.0,,0.0
2025-04-14 15:00:00,0.0,,,,,,,,,0.0,,0.0
2025-04-14 15:30:00,0.0,,,,,5.0,,,,0.0,,0.0
2025-04-14 16:15:00,0.0,,,,,,,,,0.0,,0.0
2025-04-14 16:30:00,0.0,,,,,,,,,0.0,,0.0
2025-04-14 17:15:00,0.0,,,,,,,,,0.0,,0.0
2025-04-14 17:30:00,0.0,,,,,,,,,0.0,,0.0
2025-04-14 18:30:00,0.0,,,,,,,14.0,,0.0,,0.0
2025-04-14 19:00:00,0.0,46.55555555555556,40.54545454545455,6.01010101010101,6.01010101010101,,2.5,,,0.0,,0.0
2025-04-14 19:45:00,1.0,32.5,23.75,8.75,8.75,3.0,2.5,,,20.11625,4.75,4.235
2025-04-14 20:00:00,0.0,29.0,,,,4.0,3.0,12.0,,0.0,,0.0
2025-04-14 21:00:00,1.0,,25.0,,,,,,,0.0,,0.0
2025-04-14 22:00:00,0.0,,,,,,,,,0.0,,0.0
2025-04-14 22:30:00,0.0,,,,,,,9.0,28.0,0.0,,0.0
2025-04-14 23:15:00,1.0,52.8,45.5,7.299999999999997,7.299999999999997,,0.5,,,16.78269999999999,4.75,3.533199999999998
2025-04-14 23:30:00,0.0,57.0,51.0,6.0,6.0,,1.5,,,0.0,,0.0
2025-04-15 00:30:00,1.0,,,,,,,8.0,29.0,0.0,,0.0
2025-04-15 01:30:00,1.0,,26.0,,,,,,30.0,0.0,,0.0
2025-04-15 02:45:00,1.0,,,,,,,,,0.0,,0.0
2025-04-15 04:00:00,1.0,,,,,,,,,0.0,,0.0
2025-04-15 05:00:00,1.0,,,,,,,,,0.0,,0.0
2025-04-15 06:15:00,1.0,,,,,,,,,0.0,,0.0
2025-04-15 07:30:00,1.0,,,,,,,,,0.0,,0.0
2025-04-15 08:30:00,1.0,48.0,42.0,6.0,6.0,,,,,13.794,4.75,2.904
2025-04-15 09:45:00,1.0,41.5,32.4,9.100000000000001,9.100000000000001,3.0,0.5,10.0,27.0,20.920900000000003,4.75,4.404400000000001
2025-04-15 10:00:00,0.0,46.5,36.5,10.0,10.0,,,,26.0,0.0,,0.0
2025-04-15 11:00:00,1.0,,,,,3.0,2.0,,,0.0,,0.0
2025-04-15 11:30:00,0.0,,24.0,,,,,,,0.0,,0.0
2025-04-15 12:00:00,0.0,,,,,4.0,4.0,,,0.0,,0.0
2025-04-15 12:30:00,0.0,47.333333333333336,45.25,2.0833333333333357,2.0833333333333357,,2.5,14.0,,0.0,,0.0
2025-04-15 13:15:00,0.0,53.75,35.75,18.0,10.0,,4.0,15.0,,0.0,,0.0
2025-04-15 13:30:00,0.0,,24.0,,,,,,,0.0,,0.0
2025-04-15 14:30:00,0.0,,,,,5.0,,16.0,,0.0,,0.0
2025-04-15 15:00:00,0.0,23.0,23.0,0.0,2.0,,,,,0.0,,0.0
2025-04-15 15:30:00,0.0,,,,,,5.0,,,0.0,,0.0
2025-04-15 16:00:00,0.0,,,,,,,,,0.0,,0.0
2025-04-15 16:45:00,0.0,,,,,,,,,0.0,,0.0
2025-04-15 17:00:00,0.0,,,,,,,,,0.0,,0.0
2025-04-15 18:00:00,1.0,54.5,49.833333333333336,4.666666666666664,4.666666666666664,,0.0,,,10.72866666666666,4.75,2.2586666666666653
2025-04-15 18:30:00,0.0,24.5,23.5,1.0,2.0,,3.0,,,0.0,,0.0
2025-04-15 19:15:00,1.0,,,,,,,,25.0,0.0,,0.0
2025-04-15 19:30:00,0.0,29.0,,,,,3.0,12.0,,0.0,,0.0
2025-04-15 20:15:00,1.0,30.0,,,,3.0,1.0,10.0,27.0,0.0,,0.0
2025-04-15 20:30:00,0.0,,25.0,,,,,,,0.0,,0.0
2025-04-15 21:30:00,0.0,,,,,3.0,,9.0,28.0,0.0,,0.0
2025-04-15 22:00:00,0.0,29.0,26.0,3.0,3.0,,2.0,,,0.0,,0.0
2025-04-15 22:45:00,1.0,,,,,,,,,0.0,,0.0
2025-04-15 23:00:00,0.0,29.0,26.0,3.0,3.0,,2.0,,,0.0,,0.0
2025-04-15 23:45:00,1.0,31.0,,,,,,,,0.0,,0.0
2025-04-16 00:00:00,0.0,26.5,26.0,0.5,2.0,,2.0,8.0,29.0,0.0,,0.0
2025-04-16 01:00:00,1.0,29.0,,,,,2.0,,,0.0,,0.0
2025-04-16 01:30:00,0.0,31.0,,,,,,,,0.0,,0.0
2025-04-16 02:15:00,1.0,29.0,,,,,1.5,,,0.0,,0.0
2025-04-16 02:30:00,0.0,30.5,,,,,,,,0.0,,0.0
2025-04-16 03:15:00,1.0,27.0,,,,,2.0,,,0.0,,0.0
2025-04-16 03:30:00,0.0,28.5,,,,,1.0,,,0.0,,0.0
2025-04-16 04:30:00,1.0,56.0,52.5,3.5,3.5,,,,,8.0465,4.75,1.694
2025-04-16 05:00:00,0.0,29.0,25.0,4.0,4.0,,1.0,,,0.0,,0.0
2025-04-16 05:45:00,0.0,,,,,,,,,0.0,,0.0
2025-04-16 06:00:00,0.0,29.2,25.0,4.199999999999999,4.199999999999999,,1.0,,,0.0,,0.0
2025-04-16 07:00:00,1.0,,,,,4.0,,,,0.0,,0.0
2025-04-16 08:00:00,0.0,,,,,,,,,0.0,,0.0
2025-04-16 08:30:00,0.0,,,,,5.0,,,,0.0,,0.0
2025-04-16 09:15:00,0.0,,,,,,,13.0,,0.0,,0.0
2025-04-16 09:30:00,0.0,,,,,,5.0,,,0.0,,0.0
2025-04-16 10:30:00,1.0,49.0,43.0,6.0,6.0,,,,,13.794,4.75,2.904
2025-04-16 11:30:00,0.0,,,,,3.0,3.0,16.0,,0.0,,0.0
2025-04-16 12:00:00,0.0,,23.0,,,,4.0,,,0.0,,0.0
2025-04-16 12:45:00,0.0,,,,,,,17.0,,0.0,,0.0
2025-04-16 13:00:00,0.0,,,,,5.0,,,,0.0,,0.0
2025-04-16 14:00:00,0.0,,,,,,,,,0.0,,0.0
2025-04-16 15:00:00,0.0,,,,,,,,,0.0,,0.0
2025-04-16 15:30:00,0.0,,,,,,,,,0.0,,0.0
2025-04-16 16:15:00,0.0,,,,,,,,,0.0,,0.0
2025-04-16 16:30:00,0.0,,,,,,,15.0,,0.0,,0.0
2025-04-16 17:30:00,0.0,,,,,,,,,0.0,,0.0
2025-04-16 18:30:00,1.0,23.0,23.0,0.0,2.0,5.0,,13.0,,4.598,4.75,0.968
2025-04-16 19:00:00,0.0,,,,,,5.0,,,0.0,,0.0
2025-04-16 19:30:00,0.0,25.666666666666668,22.0,3.666666666666668,3.666666666666668,,3.5,,,0.0,,0.0
2025-04-16 20:00:00,0.0,29.0,,,,,2.0,12.0,,0.0,,0.0
2025-04-16 20:30:00,0.0,23.0,23.0,0.0,2.0,,,,25.0,0.0,,0.0
2025-04-16 21:00:00,0.0,,,,,4.0,,,,0.0,,0.0
2025-04-16 21:30:00,1.0,39.57142857142857,38.333333333333336,1.2380952380952337,2.0,,1.5,,,4.598,4.75,0.968
2025-04-16 22:00:00,0.0,56.0,52.5,3.5,3.5,3.0,0.0,,,0.0,,0.0
2025-04-16 22:30:00,1.0,23.0,23.0,0.0,2.0,,3.0,11.0,,4.598,4.75,0.968
2025-04-16 23:00:00,0.0,44.111111111111114,39.44444444444444,4.666666666666671,4.666666666666671,3.0,1.0,,26.0,0.0,,0.0
2025-04-16 23:30:00,0.0,40.5,36.6,3.8999999999999986,3.8999999999999986,,1.3333333333333333,,,0.0,,0.0
2025-04-17 00:00:00,1.0,24.0,24.0,0.0,2.0,4.0,3.0,,,4.598,4.75,0.968
2025-04-17 00:30:00,0.0,29.0,24.0,5.0,5.0,,1.0,,,0.0,,0.0
2025-04-17 01:00:00,0.0,25.0,24.5,0.5,2.0,3.0,3.0,,,0.0,,0.0
2025-04-17 01:30:00,0.0,,23.0,,,,4.0,,,0.0,,0.0
2025-04-17 02:00:00,0.0,,,,,,,,,0.0,,0.0
2025-04-17 02:45:00,1.0,23.0,23.0,0.0,2.0,,,,,4.598,4.75,0.968
2025-04-17 03:00:00,0.0,28.666666666666668,24.0,4.666666666666668,4.666666666666668,,2.5,,,0.0,,0.0
2025-04-17 03:45:00,0.0,24.0,24.0,0.0,2.0,,4.0,,,0.0,,0.0
2025-04-17 04:00:00,0.0,27.4,23.0,4.399999999999999,4.399999999999999,,2.5,,,0.0,,0.0
2025-04-17 04:45:00,1.0,24.0,24.0,0.0,2.0,,,,,4.598,4.75,0.968
2025-04-17 05:00:00,0.0,,,,,,4.0,,,0.0,,0.0
2025-04-17 05:45:00,0.0,25.666666666666668,,,,,3.0,,,0.0,,0.0
2025-04-17 06:00:00,0.0,,,,,,4.0,,,0.0,,0.0
2025-04-17 06:45:00,1.0,27.0,25.0,2.0,2.0,,3.0,,,4.598,4.75,0.968
2025-04-17 07:00:00,0.0,24.0,24.0,0.0,2.0,,3.0,,,0.0,,0.0
2025-04-17 07:45:00,0.0,,,,,,,,,0.0,,0.0
2025-04-17 08:00:00,0.0,,,,,5.0,5.0,12.0,,0.0,,0.0
2025-04-17 08:45:00,0.0,,,,,,,,,0.0,,0.0
2025-04-17 09:00:00,0.0,,,,,,,,24.0,0.0,,0.0
2025-04-17 09:45:00,0.0,,,,,,,,,0.0,,0.0
2025-04-17 10:00:00,0.0,,23.0,,,,,,,0.0,,0.0
2025-04-17 10:45:00,0.0,49.0,41.0,8.0,8.0,3.0,0.0,,,0.0,,0.0
2025-04-17 11:00:00,0.0,52.5,48.0,4.5,4.5,,,13.0,,0.0,,0.0
2025-04-17 12:00:00,1.0,,22.0,,,4.0,,,,0.0,,0.0
2025-04-17 13:00:00,1.0,23.5,23.0,0.5,2.0,4.0,4.0,,,4.598,4.75,0.968
2025-04-17 14:00:00,0.0,22.0,22.0,0.0,2.0,5.0,,,,0.0,,0.0
2025-04-17 14:30:00,0.0,41.714285714285715,35.285714285714285,6.428571428571431,6.428571428571431,4.0,1.5,,,0.0,,0.0
2025-04-17 15:00:00,0.0,42.0,33.333333333333336,8.666666666666664,8.666666666666664,4.5,2.5,16.0,,0.0,,0.0
2025-04-17 16:00:00,0.0,32.0,28.0,4.0,4.0,11.5,,15.0,,0.0,,0.0
2025-04-17 16:30:00,0.0,30.0,26.0,4.0,4.0,14.5,13.0,,,0.0,,0.0
2025-04-17 17:00:00,0.0,,,,,17.0,14.0,,,0.0,,0.0
2025-04-17 17:30:00,0.0,28.0,,,,18.0,,14.0,,0.0,,0.0
2025-04-17 18:00:00,0.0,27.0,,,,,16.0,,,0.0,,0.0
2025-04-17 18:30:00,0.0,36.4,29.4,7.0,7.0,6.25,3.8,,,0.0,,0.0
2025-04-17 19:00:00,1.0,51.5,46.5,5.0,5.0,,,,,11.495,4.75,2.42
2025-04-17 19:30:00,0.0,41.285714285714285,32.0,9.285714285714285,9.285714285714285,,1.6666666666666667,,,0.0,,0.0
2025-04-17 20:00:00,0.0,,,,,,4.0,12.0,25.0,0.0,,0.0
2025-04-17 20:30:00,0.0,27.0,,,,5.0,3.0,,,0.0,,0.0
2025-04-17 21:00:00,1.0,29.0,24.0,5.0,5.0,,,,,11.495,4.75,2.42
2025-04-17 21:30:00,0.0,26.8,23.0,3.8000000000000007,3.8000000000000007,4.0,1.6666666666666667,,,0.0,,0.0
2025-04-17 22:00:00,0.0,26.0,23.0,3.0,3.0,3.0,2.0,,,0.0,,0.0
2025-04-17 22:30:00,1.0,26.333333333333332,,,,,2.0,,,0.0,,0.0
2025-04-17 23:15:00,0.0,,,,,,1.0,,,0.0,,0.0
2025-04-17 23:30:00,0.0,26.0,,,,3.0,3.0,,,0.0,,0.0
2025-04-18 00:15:00,1.0,,,,,,,,,0.0,,0.0
2025-04-18 00:30:00,0.0,26.5,24.5,2.0,2.0,,1.5,,,0.0,,0.0
2025-04-18 01:15:00,1.0,28.0,,,,,2.5,,,0.0,,0.0
2025-04-18 01:30:00,0.0,27.0,24.0,3.0,3.0,4.0,2.0,,,0.0,,0.0
2025-04-18 02:15:00,1.0,25.5,,,,,2.5,,,0.0,,0.0
2025-04-18 02:30:00,0.0,27.666666666666668,24.0,3.666666666666668,3.666666666666668,4.0,1.3333333333333333,,,0.0,,0.0
2025-04-18 03:15:00,0.0,27.6,24.0,3.6000000000000014,3.6000000000000014,4.0,2.0,,,0.0,,0.0
2025-04-18 03:30:00,0.0,,25.0,,,,1.0,10.0,27.0,0.0,,0.0
2025-04-18 04:15:00,1.0,30.0,,,,,1.0,,,0.0,,0.0
2025-04-18 04:30:00,0.0,26.0,25.0,1.0,2.0,3.0,2.5,,,0.0,,0.0
2025-04-18 05:15:00,1.0,,,,,,,,,0.0,,0.0
2025-04-18 05:30:00,0.0,27.333333333333332,24.0,3.333333333333332,3.333333333333332,,2.5,,,0.0,,0.0
2025-04-18 06:15:00,1.0,26.75,24.5,2.25,2.25,,3.0,,,5.17275,4.75,1.089
2025-04-18 06:30:00,0.0,27.333333333333332,,,,,1.3333333333333333,,27.0,0.0,,0.0
2025-04-18 07:15:00,0.0,27.75,,,,4.0,1.5,,,0.0,,0.0
2025-04-18 07:30:00,0.0,27.333333333333332,25.0,2.333333333333332,2.333333333333332,3.0,3.0,,,0.0,,0.0
2025-04-18 08:30:00,1.0,28.5,23.5,5.0,5.0,,2.0,,,11.495,4.75,2.42
2025-04-18 09:30:00,0.0,,,,,,,,,0.0,,0.0
2025-04-18 10:30:00,0.0,,,,,,2.0,,25.0,0.0,,0.0
2025-04-18 11:00:00,0.0,23.5,23.0,0.5,2.0,,,12.0,,0.0,,0.0
2025-04-18 11:30:00,0.0,,,,,5.0,,,,0.0,,0.0
2025-04-18 12:00:00,0.0,22.0,22.0,0.0,2.0,,5.0,14.0,,0.0,,0.0
2025-04-18 12:30:00,0.0,,,,,,,,,0.0,,0.0
2025-04-18 13:00:00,0.0,,,,,,,,,0.0,,0.0
2025-04-18 13:30:00,0.0,,,,,,,,,0.0,,0.0
2025-04-18 14:00:00,0.0,,,,,,,15.0,,0.0,,0.0
2025-04-18 14:30:00,1.0,26.0,,,,,3.0,14.0,,0.0,,0.0
2025-04-18 15:00:00,0.0,22.0,22.0,0.0,2.0,,5.0,,,0.0,,0.0
2025-04-18 15:30:00,0.0,,,,,,,15.0,,0.0,,0.0
2025-04-18 16:00:00,0.0,,,,,,,,,0.0,,0.0
2025-04-18 16:30:00,0.0,23.0,,,,,,14.0,,0.0,,0.0
2025-04-18 17:00:00,0.0,,22.0,,,5.0,5.0,,,0.0,,0.0
2025-04-18 17:45:00,0.0,28.0,23.0,5.0,5.0,,3.5,,,0.0,,0.0
2025-04-18 18:00:00,0.0,,,,,,2.0,13.0,,0.0,,0.0
2025-04-18 18:45:00,1.0,40.25,37.0,3.25,3.25,,2.5,,,7.47175,4.75,1.573
2025-04-18 19:00:00,0.0,22.5,,,,,4.0,,,0.0,,0.0
2025-04-18 19:45:00,0.0,,,,,,,,,0.0,,0.0
2025-04-18 20:00:00,0.0,,,,,,5.0,,,0.0,,0.0
2025-04-18 20:45:00,0.0,27.0,,,,,3.3333333333333335,,,0.0,,0.0
2025-04-18 21:00:00,0.0,,23.0,,,,2.0,,,0.0,,0.0
2025-04-18 21:45:00,0.0,22.0,22.0,0.0,2.0,5.0,,,,0.0,,0.0
2025-04-18 22:00:00,0.0,,,,,,5.0,12.0,,0.0,,0.0
2025-04-18 22:45:00,1.0,24.5,,,,4.0,4.0,,,0.0,,0.0
2025-04-18 23:00:00,0.0,23.0,22.0,1.0,2.0,,,,,0.0,,0.0
2025-04-18 23:45:00,0.0,,,,,,,,,0.0,,0.0
2025-04-19 00:00:00,0.0,27.333333333333332,22.0,5.333333333333332,5.333333333333332,,3.5,,,0.0,,0.0
2025-04-19 00:30:00,0.0,,,,,4.0,2.0,12.0,24.0,0.0,,0.0
2025-04-19 00:45:00,0.0,23.5,,,,,2.0,,,0.0,,0.0
2025-04-19 01:00:00,1.0,,22.0,,,,4.0,,,0.0,,0.0
2025-04-19 01:45:00,0.0,,,,,,,,,0.0,,0.0
2025-04-19 02:00:00,0.0,24.75,,,,,3.0,,,0.0,,0.0
2025-04-19 03:00:00,1.0,,,,,,,11.0,,0.0,,0.0
2025-04-19 04:00:00,0.0,,,,,,1.0,,26.0,0.0,,0.0
2025-04-19 05:00:00,1.0,,24.0,,,3.0,,,,0.0,,0.0
2025-04-19 05:30:00,0.0,26.333333333333332,,,,,3.0,10.0,,0.0,,0.0
2025-04-19 06:00:00,1.0,,,,,3.0,,,27.0,0.0,,0.0
2025-04-19 06:30:00,0.0,29.0,,,,,,,,0.0,,0.0
2025-04-19 07:00:00,1.0,28.5,23.0,5.5,5.5,,1.5,,,12.644499999999999,4.75,2.662
2025-04-19 07:30:00,0.0,29.0,,,,,,,,0.0,,0.0
2025-04-19 08:00:00,1.0,28.0,23.0,5.0,5.0,,1.5,,26.0,11.495,4.75,2.42
2025-04-19 08:30:00,0.0,29.0,,,,,,,27.0,0.0,,0.0
2025-04-19 09:00:00,1.0,24.0,,,,,2.0,,,0.0,,0.0
2025-04-19 10:00:00,0.0,29.0,,,,,,,,0.0,,0.0
2025-04-19 10:30:00,0.0,28.5,23.0,5.5,5.5,,1.5,,,0.0,,0.0
2025-04-19 11:00:00,1.0,29.0,,,,,,,,0.0,,0.0
2025-04-19 11:30:00,0.0,27.666666666666668,23.0,4.666666666666668,4.666666666666668,,2.0,,,0.0,,0.0
2025-04-19 12:00:00,1.0,29.0,,,,,,,,0.0,,0.0
2025-04-19 12:30:00,0.0,23.0,23.0,0.0,2.0,,,,,0.0,,0.0
2025-04-19 13:15:00,0.0,25.75,23.5,2.25,2.25,,3.0,12.0,25.0,0.0,,0.0
2025-04-19 13:30:00,0.0,,,,,,4.0,,,0.0,,0.0
2025-04-19 14:15:00,0.0,,,,,,,,,0.0,,0.0
2025-04-19 14:30:00,0.0,22.0,22.0,0.0,2.0,5.0,,,,0.0,,0.0
2025-04-19 15:15:00,0.0,27.5,,,,,3.0,,25.0,0.0,,0.0
2025-04-19 15:30:00,0.0,28.0,23.0,5.0,5.0,,2.0,,,0.0,,0.0
2025-04-19 16:15:00,1.0,,,,,,1.0,,,0.0,,0.0
2025-04-19 16:30:00,0.0,25.5,24.0,1.5,2.0,3.0,3.0,,,0.0,,0.0
2025-04-19 17:15:00,1.0,,,,,,,,,0.0,,0.0
2025-04-19 17:30:00,0.0,,24.0,,,,3.0,,,0.0,,0.0
2025-04-19 18:15:00,1.0,,,,,,,10.0,27.0,0.0,,0.0
2025-04-19 18:30:00,0.0,,,,,3.0,,,,0.0,,0.0
2025-04-19 19:15:00,1.0,,,,,,,,,0.0,,0.0
2025-04-19 20:15:00,1.0,,24.0,,,,,,,0.0,,0.0
2025-04-19 20:30:00,0.0,29.0,,,,,,,,0.0,,0.0
2025-04-19 21:15:00,1.0,,,,,,,,,0.0,,0.0
2025-04-19 22:15:00,1.0,,,,,,,,,0.0,,0.0
2025-04-19 23:30:00,1.0,,,,,,,,,0.0,,0.0
2025-04-20 00:30:00,1.0,,,,,,,8.0,29.0,0.0,,0.0
2025-04-20 01:30:00,1.0,,,,,,,8.0,29.0,0.0,,0.0
2025-04-20 02:00:00,0.0,,,,,,,9.0,,0.0,,0.0
2025-04-20 02:30:00,1.0,,,,,,,8.0,28.0,0.0,,0.0
2025-04-20 03:30:00,1.0,,,,,,,,,0.0,,0.0
2025-04-20 04:00:00,0.0,,,,,,,,,0.0,,0.0
2025-04-20 04:30:00,1.0,,,,,,,,,0.0,,0.0
2025-04-20 05:30:00,1.0,,,,,,,,,0.0,,0.0
2025-04-20 06:30:00,1.0,,,,,,,,,0.0,,0.0
2025-04-20 07:30:00,1.0,54.5,50.5,4.0,4.0,,,9.0,28.0,9.196,4.75,1.936
2025-04-20 08:30:00,1.0,,,,,,,,,0.0,,0.0
2025-04-20 09:00:00,0.0,,,,,,0.0,,,0.0,,0.0
2025-04-20 09:45:00,1.0,,,,,,,,,0.0,,0.0
2025-04-20 10:45:00,1.0,,,,,,,,,0.0,,0.0
2025-04-20 11:00:00,0.0,,,,,,,,,0.0,,0.0
2025-04-20 12:00:00,1.0,29.0,,,,,,,,0.0,,0.0
2025-04-20 12:30:00,0.0,,,,,,,,,0.0,,0.0
2025-04-20 13:00:00,1.0,24.0,,,,,3.0,,,0.0,,0.0
2025-04-20 13:30:00,0.0,,,,,3.0,1.0,,,0.0,,0.0
2025-04-20 14:15:00,1.0,24.0,,,,,,,,0.0,,0.0
2025-04-20 14:30:00,0.0,,,,,4.0,,,,0.0,,0.0
2025-04-20 15:30:00,0.0,,,,,,,,,0.0,,0.0
2025-04-20 16:00:00,0.0,27.666666666666668,,,,5.0,2.5,,,0.0,,0.0
2025-04-20 16:30:00,0.0,29.0,24.0,5.0,5.0,,,,,0.0,,0.0
2025-04-20 17:00:00,0.0,24.5,,,,,2.5,,,0.0,,0.0
2025-04-20 17:45:00,1.0,,,,,,,,,0.0,,0.0
2025-04-20 18:00:00,0.0,,,,,,,,,0.0,,0.0
2025-04-20 19:00:00,1.0,,,,,,,,,0.0,,0.0
2025-04-20 19:30:00,0.0,,,,,,,9.0,28.0,0.0,,0.0
2025-04-20 20:00:00,1.0,,,,,,0.0,,,0.0,,0.0
2025-04-20 21:15:00,1.0,28.0,,,,,1.5,,,0.0,,0.0
2025-04-20 21:30:00,0.0,,,,,,,,,0.0,,0.0
2025-04-20 22:30:00,1.0,,,,,,,8.0,29.0,0.0,,0.0
2025-04-20 23:30:00,1.0,,,,,,,,,0.0,,0.0
2025-04-21 00:00:00,0.0,,,,,,,,,0.0,,0.0
2025-04-21 00:45:00,1.0,,,,,,,,,0.0,,0.0
2025-04-21 02:00:00,1.0,,,,,,,,30.0,0.0,,0.0
2025-04-21 03:00:00,1.0,,,,,,,,,0.0,,0.0
2025-04-21 04:15:00,1.0,,,,,,,,,0.0,,0.0
2025-04-21 05:30:00,1.0,,,,,,,,,0.0,,0.0
2025-04-21 06:30:00,1.0,29.0,,,,,,,,0.0,,0.0
2025-04-21 07:45:00,1.0,,,,,,,7.0,,0.0,,0.0
2025-04-21 09:00:00,1.0,,,,,,,,,0.0,,0.0
2025-04-21 10:00:00,1.0,28.5,,,,,2.0,,,0.0,,0.0
2025-04-21 11:15:00,1.0,,,,,,,,,0.0,,0.0
2025-04-21 11:30:00,0.0,,,,,,,,,0.0,,0.0
2025-04-21 12:30:00,1.0,24.0,24.0,0.0,2.0,,3.0,10.0,27.0,4.598,4.75,0.968
2025-04-21 13:30:00,0.0,28.5,23.5,5.0,5.0,,2.0,,,0.0,,0.0
2025-04-21 14:00:00,0.0,43.8,41.4,2.3999999999999986,2.3999999999999986,3.0,0.0,,,0.0,,0.0
2025-04-21 14:45:00,1.0,24.0,,,,,3.0,,,0.0,,0.0
2025-04-21 15:00:00,0.0,28.5,23.5,5.0,5.0,,1.5,,,0.0,,0.0
2025-04-21 16:00:00,0.0,,,,,,0.0,,,0.0,,0.0
2025-04-21 16:30:00,1.0,27.0,,,,,1.0,9.0,28.0,0.0,,0.0
2025-04-21 17:00:00,0.0,,,,,,0.0,,,0.0,,0.0
2025-04-21 17:30:00,0.0,,,,,,,,,0.0,,0.0
2025-04-21 18:15:00,1.0,,,,,,,,,0.0,,0.0
2025-04-21 19:30:00,0.0,,,,,,0.0,,,0.0,,0.0
2025-04-21 20:00:00,0.0,,,,,,,,,0.0,,0.0
2025-04-21 20:30:00,1.0,,,,,,,,,0.0,,0.0
2025-04-21 21:45:00,1.0,,,,,,1.0,,,0.0,,0.0
2025-04-21 22:00:00,0.0,,24.0,,,,0.0,,,0.0,,0.0
2025-04-21 23:00:00,1.0,,25.0,,,,,,,0.0,,0.0
2025-04-22 00:15:00,1.0,,,,,,,,,0.0,,0.0
2025-04-22 01:15:00,1.0,,,,,,,,,0.0,,0.0
2025-04-22 02:30:00,1.0,,,,,,,,,0.0,,0.0
2025-04-22 03:30:00,1.0,,,,,,,,,0.0,,0.0
2025-04-22 03:45:00,0.0,,,,,,,,,0.0,,0.0
2025-04-22 04:45:00,1.0,,,,,,,,,0.0,,0.0
2025-04-22 06:00:00,1.0,,,,,,,,,0.0,,0.0
2025-04-22 07:00:00,1.0,,,,,,,,,0.0,,0.0
2025-04-22 08:15:00,1.0,,,,,,,,,0.0,,0.0
2025-04-22 08:30:00,0.0,44.75,39.90909090909091,4.8409090909090935,4.8409090909090935,,-0.5,,,0.0,,0.0
2025-04-22 09:30:00,1.0,35.0,26.666666666666668,8.333333333333332,8.333333333333332,1.0,-2.5,,,19.15833333333333,4.75,4.033333333333333
2025-04-22 10:30:00,1.0,50.5,46.0,4.5,4.5,,-1.0,,,10.3455,4.75,2.178
2025-04-22 10:45:00,0.0,54.5,51.5,3.0,3.0,2.0,,,,0.0,,0.0
2025-04-22 11:45:00,1.0,56.5,54.0,2.5,2.5,,,,,5.7475,4.75,1.21
2025-04-22 12:00:00,0.0,39.166666666666664,28.333333333333332,10.833333333333332,10.0,,1.0,,28.0,0.0,,0.0
2025-04-22 12:45:00,1.0,29.0,,,,,,,,0.0,,0.0
2025-04-22 13:00:00,0.0,,,,,2.0,0.0,10.0,27.0,0.0,,0.0
2025-04-22 13:45:00,1.0,26.0,,,,,2.0,,,0.0,,0.0
2025-04-22 14:00:00,0.0,27.333333333333332,,,,3.0,0.5,,,0.0,,0.0
2025-04-22 15:00:00,1.0,52.0,46.5,5.5,5.5,,-3.0,,,12.644499999999999,4.75,2.662
2025-04-22 15:30:00,0.0,67.83333333333333,60.42857142857143,7.404761904761898,7.404761904761898,,0.0,9.0,28.0,0.0,,0.0
2025-04-22 16:15:00,0.0,,,,,,,,,0.0,,0.0
2025-04-22 16:30:00,1.0,,,,,2.0,,,,0.0,,0.0
2025-04-22 17:15:00,0.0,,,,,,,,,0.0,,0.0
2025-04-22 17:30:00,0.0,,,,,,,,,0.0,,0.0
2025-04-22 18:30:00,1.0,,,,,,,,,0.0,,0.0
2025-04-22 19:45:00,0.0,,,,,,,,,0.0,,0.0
2025-04-22 20:45:00,1.0,,,,,,,,,0.0,,0.0
2025-04-22 22:00:00,1.0,,,,,,,,,0.0,,0.0
2025-04-22 23:15:00,0.0,52.5,42.5,10.0,10.0,,,,,0.0,,0.0
2025-04-23 00:15:00,1.0,,,,,,,,,0.0,,0.0
2025-04-23 01:30:00,0.0,,,,,,,,,0.0,,0.0
2025-04-23 02:45:00,1.0,,,,,,,,,0.0,,0.0
2025-04-23 03:45:00,1.0,,,,,,,,,0.0,,0.0
2025-04-23 05:00:00,0.0,,,,,,,,,0.0,,0.0
2025-04-23 06:15:00,1.0,45.0,45.125,-0.125,2.0,,0.5,,,4.598,4.75,0.968
2025-04-23 07:15:00,0.0,24.5,,,,,2.0,,28.0,0.0,,0.0
2025-04-23 07:30:00,0.0,29.0,24.0,5.0,5.0,,1.0,,,0.0,,0.0
2025-04-23 08:30:00,1.0,25.0,24.0,1.0,2.0,2.0,2.0,10.5,,4.598,4.75,0.968
2025-04-23 09:00:00,0.0,23.0,23.0,0.0,2.0,,,,,0.0,,0.0
2025-04-23 09:45:00,0.0,,,,,,,12.0,25.0,0.0,,0.0
2025-04-23 10:00:00,0.0,,,,,,,,,0.0,,0.0
2025-04-23 10:45:00,0.0,27.0,,,,,2.3333333333333335,,,0.0,,0.0
2025-04-23 11:00:00,0.0,25.5,24.0,1.5,2.0,,2.0,12.0,,0.0,,0.0
2025-04-23 12:00:00,1.0,27.5,,,,,2.3333333333333335,,,0.0,,0.0
2025-04-23 12:30:00,0.0,,,,,,,11.0,,0.0,,0.0
2025-04-23 13:00:00,1.0,23.0,23.0,0.0,2.0,,,12.5,,4.598,4.75,0.968
2025-04-23 13:30:00,0.0,,,,,,,,,0.0,,0.0
2025-04-23 14:15:00,0.0,,,,,,,12.0,,0.0,,0.0
2025-04-23 14:30:00,0.0,27.666666666666668,23.0,4.666666666666668,4.666666666666668,5.0,2.0,,25.0,0.0,,0.0
2025-04-23 15:30:00,1.0,,,,,,,,26.0,0.0,,0.0
2025-04-23 16:30:00,1.0,26.666666666666668,,,,,1.0,,,0.0,,0.0
2025-04-23 17:00:00,0.0,,,,,,,9.0,,0.0,,0.0
2025-04-23 17:45:00,1.0,,,,,,,,,0.0,,0.0
2025-04-23 19:00:00,1.0,40.5,29.5,11.0,10.0,2.0,-1.0,,,22.99,4.75,4.7
2025-04-23 20:00:00,1.0,48.55555555555556,44.0,4.555555555555557,4.555555555555557,1.0,-1.5,,,10.473222222222226,4.75,2.2048888888888896
2025-04-23 21:15:00,1.0,,,,,,,,,0.0,,0.0
2025-04-23 21:30:00,0.0,,,,,2.0,,,,0.0,,0.0
2025-04-23 22:15:00,1.0,,,,,,,,,0.0,,0.0
2025-04-23 22:30:00,0.0,,,,,,,7.0,30.0,0.0,,0.0
2025-04-23 23:30:00,1.0,30.0,,,,3.0,,,,0.0,,0.0
2025-04-24 00:45:00,1.0,,,,,,,,,0.0,,0.0
2025-04-24 01:45:00,1.0,,,,,,,,,0.0,,0.0
2025-04-24 03:00:00,1.0,,,,,,,,,0.0,,0.0
2025-04-24 04:15:00,1.0,32.0,,,,,,,,0.0,,0.0
2025-04-24 05:15:00,1.0,,,,,,,,,0.0,,0.0
2025-04-24 06:30:00,1.0,45.5,37.8,7.700000000000003,7.700000000000003,,,,33.0,17.702300000000005,4.75,3.726800000000001
2025-04-24 07:45:00,1.0,33.0,,,,,,5.0,,0.0,,0.0
2025-04-24 08:45:00,1.0,33.0,26.5,6.5,6.5,,,,,14.9435,4.75,3.146
2025-04-24 10:00:00,1.0,,,,,,,7.0,30.0,0.0,,0.0
2025-04-24 11:15:00,1.0,,,,,,,,,0.0,,0.0
2025-04-24 12:15:00,1.0,,,,,,,9.0,28.0,0.0,,0.0
2025-04-24 12:30:00,0.0,,26.0,,,,,,,0.0,,0.0
2025-04-24 13:30:00,1.0,,26.0,,,2.0,,,,0.0,,0.0
2025-04-24 14:00:00,0.0,25.0,25.0,0.0,2.0,3.0,,10.0,27.0,0.0,,0.0
2025-04-24 14:45:00,1.0,26.0,,,,,3.0,,,0.0,,0.0
2025-04-24 15:00:00,0.0,24.0,24.0,0.0,2.0,,,11.0,26.0,0.0,,0.0
2025-04-24 15:45:00,0.0,,,,,,,,,0.0,,0.0
2025-04-24 16:00:00,0.0,,,,,,,,,0.0,,0.0
2025-04-24 17:00:00,0.0,25.0,24.0,1.0,2.0,3.0,3.0,,,0.0,,0.0
2025-04-24 17:30:00,0.0,30.0,25.0,5.0,5.0,,,,27.0,0.0,,0.0
2025-04-24 18:15:00,1.0,28.2,,,,,1.5,,,0.0,,0.0
2025-04-24 18:30:00,0.0,,,,,,,,,0.0,,0.0
2025-04-24 19:15:00,1.0,,26.0,,,,,,,0.0,,0.0
2025-04-24 19:30:00,0.0,29.0,25.0,4.0,4.0,,2.0,,29.0,0.0,,0.0
2025-04-24 20:30:00,1.0,30.0,,,,,0.0,7.0,30.0,0.0,,0.0
2025-04-24 21:00:00,0.0,,25.0,,,,,,,0.0,,0.0
2025-04-24 21:45:00,1.0,,,,,,,,,0.0,,0.0
2025-04-24 22:45:00,1.0,,,,,,,,,0.0,,0.0
2025-04-24 23:00:00,0.0,,,,,,,,,0.0,,0.0
2025-04-25 00:00:00,1.0,,,,,,,,,0.0,,0.0
2025-04-25 01:15:00,1.0,56.5,53.5,3.0,3.0,,,,,6.897,4.75,1.452
2025-04-25 02:15:00,1.0,,,,,,,,,0.0,,0.0
2025-04-25 03:30:00,1.0,31.333333333333332,,,,,-1.0,4.0,,0.0,,0.0
2025-04-25 04:45:00,1.0,32.0,,,,,,,,0.0,,0.0
2025-04-25 05:45:00,1.0,,,,,,,,,0.0,,0.0
2025-04-25 07:00:00,1.0,53.0,48.0,5.0,5.0,1.0,,,,11.495,4.75,2.42
2025-04-25 07:30:00,0.0,36.5,27.5,9.0,9.0,1.0,-4.0,,,0.0,,0.0
2025-04-25 08:15:00,1.0,32.0,26.5,5.5,5.5,,-1.0,,,12.644499999999999,4.75,2.662
2025-04-25 09:15:00,1.0,,,,,,,5.0,,0.0,,0.0
2025-04-25 10:30:00,1.0,31.0,,,,,,,,0.0,,0.0
2025-04-25 11:30:00,1.0,,,,,,,8.0,29.0,0.0,,0.0
2025-04-25 12:45:00,1.0,,,,,,,,,0.0,,0.0
2025-04-25 13:00:00,0.0,,,,,2.0,,,,0.0,,0.0
2025-04-25 14:00:00,1.0,,,,,2.0,,9.0,28.0,0.0,,0.0
2025-04-25 15:00:00,0.0,29.5,,,,,1.3333333333333333,9.0,,0.0,,0.0
2025-04-25 15:30:00,0.0,,,,,,,,,0.0,,0.0
2025-04-25 16:15:00,1.0,30.5,,,,4.0,2.0,9.0,,0.0,,0.0
2025-04-25 16:30:00,0.0,31.0,,,,3.0,1.0,,28.0,0.0,,0.0
2025-04-25 17:30:00,1.0,29.0,,,,,2.0,,,0.0,,0.0
2025-04-25 18:00:00,0.0,31.0,26.0,5.0,5.0,,,,,0.0,,0.0
2025-04-25 18:30:00,0.0,28.666666666666668,25.0,3.666666666666668,3.666666666666668,,2.0,,,0.0,,0.0
2025-04-25 19:00:00,0.0,34.5,28.0,6.5,6.5,,0.0,,29.0,0.0,,0.0
2025-04-25 19:45:00,1.0,55.5,52.5,3.0,3.0,,,7.0,,6.897,4.75,1.452
2025-04-25 21:00:00,1.0,,,,,,,5.0,32.0,0.0,,0.0
2025-04-25 22:00:00,1.0,,,,,,,4.0,,0.0,,0.0
2025-04-25 22:15:00,0.0,,,,,,,,,0.0,,0.0
2025-04-25 23:15:00,1.0,48.5,38.0,10.5,10.0,2.0,,,,22.99,4.75,4.7
2025-04-26 00:30:00,1.0,,27.0,,,,,3.0,,0.0,,0.0
2025-04-26 01:45:00,1.0,,,,,,,,,0.0,,0.0
2025-04-26 02:45:00,1.0,,,,,,,,,0.0,,0.0
2025-04-26 03:00:00,0.0,32.0,26.666666666666668,5.333333333333332,5.333333333333332,,,,,0.0,,0.0
2025-04-26 04:00:00,1.0,32.0,,,,,,,,0.0,,0.0
2025-04-26 05:15:00,1.0,,,,,,,,,0.0,,0.0
2025-04-26 06:15:00,1.0,,,,,,,,,0.0,,0.0
2025-04-26 07:30:00,1.0,,,,,,,,,0.0,,0.0
2025-04-26 08:00:00,0.0,,,,,,,,32.0,0.0,,0.0
2025-04-26 08:45:00,1.0,,28.0,,,,,6.0,,0.0,,0.0
2025-04-26 09:45:00,1.0,56.5,53.0,3.5,3.5,,,7.0,30.0,8.0465,4.75,1.694
2025-04-26 11:00:00,1.0,30.0,,,,,1.5,,,0.0,,0.0
2025-04-26 12:15:00,1.0,26.5,,,,,2.0,,,0.0,,0.0
2025-04-26 12:30:00,0.0,28.5,25.0,3.5,3.5,3.0,1.0,,,0.0,,0.0
2025-04-26 13:15:00,1.0,34.857142857142854,33.0,1.857142857142854,2.0,,0.3333333333333333,9.0,,4.598,4.75,0.968
2025-04-26 13:30:00,0.0,49.5,41.5,8.0,8.0,2.0,,10.0,,0.0,,0.0
2025-04-26 14:30:00,0.0,28.333333333333332,25.0,3.333333333333332,3.333333333333332,3.0,1.0,10.0,27.0,0.0,,0.0
2025-04-26 15:00:00,0.0,24.5,,,,,2.0,,,0.0,,0.0
2025-04-26 15:45:00,1.0,,,,,,,,,0.0,,0.0
2025-04-26 16:00:00,0.0,,,,,,4.0,,,0.0,,0.0
2025-04-26 16:45:00,0.0,27.333333333333332,25.0,2.333333333333332,2.333333333333332,,2.0,12.0,25.0,0.0,,0.0
2025-04-26 17:00:00,0.0,24.0,24.0,0.0,2.0,3.5,,,,0.0,,0.0
2025-04-26 18:00:00,0.0,23.0,23.0,0.0,2.0,,,11.0,25.0,0.0,,0.0
2025-04-26 18:30:00,0.0,28.666666666666668,24.0,4.666666666666668,4.666666666666668,5.0,2.5,10.0,27.0,0.0,,0.0
2025-04-26 19:15:00,1.0,31.0,,,,,,,,0.0,,0.0
2025-04-26 19:30:00,0.0,30.0,,,,3.0,,8.0,29.0,0.0,,0.0
2025-04-26 20:30:00,1.0,,,,,,0.0,,,0.0,,0.0
2025-04-26 21:30:00,1.0,,,,,,,,,0.0,,0.0
2025-04-26 22:45:00,1.0,,,,,,,,,0.0,,0.0
2025-04-27 00:00:00,1.0,55.0,51.5,3.5,3.5,2.0,,,,8.0465,4.75,1.694
2025-04-27 01:00:00,1.0,33.0,,,,,,,33.0,0.0,,0.0
2025-04-27 02:15:00,1.0,,,,,,,,,0.0,,0.0
2025-04-27 03:15:00,1.0,32.5,,,,,,,,0.0,,0.0
2025-04-27 04:30:00,1.0,32.5,,,,,,,,0.0,,0.0
2025-04-27 05:45:00,1.0,32.5,,,,,,3.0,,0.0,,0.0
2025-04-27 06:45:00,1.0,,,,,,,,,0.0,,0.0
2025-04-27 08:00:00,1.0,,,,,,0.0,7.0,30.5,0.0,,0.0
2025-04-27 09:00:00,1.0,51.0,43.0,8.0,8.0,,,9.0,,18.392,4.75,3.872
2025-04-27 10:15:00,1.0,67.2,60.0,7.200000000000003,7.200000000000003,,0.5,,27.0,16.552800000000005,4.75,3.4848000000000012
2025-04-27 10:30:00,0.0,57.833333333333336,54.142857142857146,3.69047619047619,3.69047619047619,3.0,1.5,,,0.0,,0.0
2025-04-27 11:15:00,0.0,,24.0,,,,,11.0,26.0,0.0,,0.0
2025-04-27 11:30:00,0.0,24.0,,,,4.0,,,,0.0,,0.0
2025-04-27 12:30:00,0.0,39.0,39.5,-0.5,2.0,2.0,1.5,,,0.0,,0.0
2025-04-27 13:00:00,0.0,,,,,,3.0,,,0.0,,0.0
2025-04-27 13:45:00,0.0,,,,,,,14.0,,0.0,,0.0
2025-04-27 14:00:00,0.0,23.0,23.0,0.0,2.0,,,,,0.0,,0.0
2025-04-27 14:45:00,0.0,,,,,,,14.0,,0.0,,0.0
2025-04-27 15:00:00,0.0,44.22222222222222,34.45454545454545,9.767676767676768,9.767676767676768,4.5,1.5,,,0.0,,0.0
2025-04-27 16:00:00,1.0,,,,,,3.0,13.0,,0.0,,0.0
2025-04-27 16:30:00,0.0,,23.0,,,,4.0,,,0.0,,0.0
2025-04-27 17:00:00,0.0,,,,,,,14.0,,0.0,,0.0
2025-04-27 17:30:00,0.0,,,,,5.0,,,,0.0,,0.0
2025-04-27 18:15:00,0.0,,,,,,,,,0.0,,0.0
2025-04-27 18:30:00,0.0,,,,,,5.0,,,0.0,,0.0
2025-04-27 19:30:00,0.0,22.0,,,,,,,,0.0,,0.0
2025-04-27 20:30:00,0.0,29.0,24.0,5.0,5.0,,2.0,12.0,,0.0,,0.0
2025-04-27 21:00:00,1.0,,,,,,,11.0,,0.0,,0.0
2025-04-27 21:45:00,0.0,,,,,,,10.0,,0.0,,0.0
2025-04-27 23:00:00,1.0,29.0,,,,,,9.0,28.0,0.0,,0.0
2025-04-27 23:30:00,0.0,26.5,,,,,2.0,10.0,27.0,0.0,,0.0
2025-04-28 00:00:00,1.0,28.5,,,,,,,26.0,0.0,,0.0
2025-04-28 00:30:00,0.0,,25.0,,,,,,,0.0,,0.0
2025-04-28 01:15:00,1.0,,25.0,,,,,,,0.0,,0.0
2025-04-28 01:30:00,0.0,30.0,,,,,,,,0.0,,0.0
2025-04-28 02:30:00,1.0,,,,,,,,,0.0,,0.0
2025-04-28 03:00:00,0.0,27.333333333333332,25.0,2.333333333333332,2.333333333333332,,2.0,,,0.0,,0.0
2025-04-28 03:30:00,0.0,,,,,4.0,1.0,,,0.0,,0.0
2025-04-28 04:00:00,1.0,24.5,25.0,-0.5,2.0,,1.0,,,4.598,4.75,0.968
2025-04-28 04:45:00,0.0,,,,,3.0,,,,0.0,,0.0
2025-04-28 05:00:00,0.0,27.666666666666668,25.0,2.666666666666668,2.666666666666668,,3.0,,,0.0,,0.0
2025-04-28 06:00:00,1.0,27.5,25.0,2.5,2.5,3.0,2.0,,,5.7475,4.75,1.21
2025-04-28 06:30:00,0.0,,,,,4.0,,11.0,26.0,0.0,,0.0
2025-04-28 07:15:00,0.0,28.666666666666668,24.0,4.666666666666668,4.666666666666668,,2.3333333333333335,,,0.0,,0.0
2025-04-28 07:30:00,0.0,24.5,,,,,3.0,,,0.0,,0.0
2025-04-28 08:15:00,1.0,53.5,49.0,4.5,4.5,,,,,10.3455,4.75,2.178
2025-04-28 08:30:00,0.0,51.285714285714285,42.857142857142854,8.42857142857143,8.42857142857143,,1.5,12.0,,0.0,,0.0
2025-04-28 09:30:00,0.0,,,,,,,13.0,,0.0,,0.0
2025-04-28 10:00:00,0.0,,,,,,,14.0,,0.0,,0.0
2025-04-28 10:45:00,0.0,56.5,48.57142857142857,7.928571428571431,7.928571428571431,3.0,1.0,,,0.0,,0.0
2025-04-28 11:00:00,0.0,24.8,23.333333333333332,1.4666666666666686,2.0,,3.0,,,0.0,,0.0
2025-04-28 11:45:00,0.0,,,,,,,,,0.0,,0.0
2025-04-28 12:00:00,0.0,,,,,,,,,0.0,,0.0
2025-04-28 13:00:00,0.0,,,,,,5.0,,,0.0,,0.0
2025-04-28 13:30:00,0.0,27.0,,,,,3.5,,,0.0,,0.0
2025-04-28 14:15:00,1.0,25.333333333333332,,,,,2.0,,,0.0,,0.0
2025-04-28 14:30:00,0.0,22.0,,,,,4.0,,,0.0,,0.0
2025-04-28 15:15:00,0.0,,,,,,,17.0,,0.0,,0.0
2025-04-28 15:30:00,0.0,,,,,,5.0,,,0.0,,0.0
2025-04-28 16:30:00,0.0,23.0,23.5,-0.5,2.0,,,,,0.0,,0.0
2025-04-28 17:00:00,0.0,22.0,22.0,0.0,2.0,5.0,,,,0.0,,0.0
2025-04-28 17:45:00,0.0,27.5,,,,,3.5,,,0.0,,0.0
2025-04-28 18:00:00,0.0,28.0,23.0,5.0,5.0,,2.5,,,0.0,,0.0
2025-04-28 18:45:00,1.0,22.0,,,,,,,,0.0,,0.0
2025-04-28 19:00:00,0.0,,22.0,,,5.0,,16.0,,0.0,,0.0
2025-04-28 20:00:00,0.0,26.75,23.0,3.75,3.75,,3.3333333333333335,15.0,,0.0,,0.0
2025-04-28 20:30:00,0.0,26.5,24.0,2.5,2.5,4.0,4.0,,,0.0,,0.0
2025-04-28 21:15:00,0.0,,,,,,,,,0.0,,0.0
2025-04-28 21:30:00,1.0,,,,,5.0,5.0,,,0.0,,0.0
2025-04-28 22:30:00,0.0,,22.0,,,,,,,0.0,,0.0
2025-04-28 23:30:00,0.0,,,,,,2.0,12.0,,0.0,,0.0
2025-04-29 00:00:00,0.0,46.125,41.125,5.0,5.0,,1.0,,25.0,0.0,,0.0
2025-04-29 00:45:00,1.0,23.0,23.5,-0.5,2.0,,,,,4.598,4.75,0.968
2025-04-29 01:00:00,0.0,28.0,,,,4.0,2.0,,26.0,0.0,,0.0
2025-04-29 01:45:00,1.0,,,,,,,,,0.0,,0.0
2025-04-29 02:00:00,0.0,,,,,,,10.0,27.0,0.0,,0.0
2025-04-29 03:00:00,1.0,,,,,,,,,0.0,,0.0
2025-04-29 03:30:00,0.0,,,,,,,9.0,,0.0,,0.0
2025-04-29 04:15:00,1.0,,,,,,,,,0.0,,0.0
2025-04-29 04:30:00,0.0,,25.0,,,,,,,0.0,,0.0
2025-04-29 05:30:00,1.0,,,,,,,,,0.0,,0.0
2025-04-29 06:30:00,0.0,,,,,,,,,0.0,,0.0
2025-04-29 07:00:00,1.0,,25.0,,,,,10.0,,0.0,,0.0
2025-04-29 07:45:00,0.0,41.0,33.0,8.0,8.0,4.0,3.0,11.0,26.0,0.0,,0.0
2025-04-29 08:00:00,0.0,47.0,36.0,11.0,10.0,,1.0,,,0.0,,0.0
2025-04-29 09:00:00,1.0,36.75,31.0,5.75,5.75,,1.5,,,13.219249999999999,4.75,2.783
2025-04-29 10:00:00,1.0,55.0,48.42857142857143,6.571428571428569,6.571428571428569,,2.0,13.0,,15.10771428571428,4.75,3.1805714285714273
2025-04-29 10:30:00,0.0,,,,,,3.0,,,0.0,,0.0
2025-04-29 11:15:00,0.0,,,,,,,,,0.0,,0.0
2025-04-29 11:30:00,0.0,22.0,,,,,,15.0,,0.0,,0.0
2025-04-29 12:30:00,0.0,,,,,,5.0,,,0.0,,0.0
2025-04-29 13:00:00,0.0,,,,,,,,,0.0,,0.0
2025-04-29 13:30:00,0.0,,,,,,,17.0,,0.0,,0.0
2025-04-29 14:00:00,0.0,27.666666666666668,23.0,4.666666666666668,4.666666666666668,,3.0,,,0.0,,0.0
2025-04-29 14:45:00,0.0,,,,,5.0,,,,0.0,,0.0
2025-04-29 15:00:00,0.0,22.0,22.0,0.0,2.0,,5.0,18.5,,0.0,,0.0
2025-04-29 16:00:00,0.0,24.75,23.0,1.75,2.0,,3.0,17.0,,0.0,,0.0
2025-04-29 16:30:00,0.0,22.0,22.0,0.0,2.0,5.0,5.0,,,0.0,,0.0
2025-04-29 17:00:00,0.0,,,,,,,16.0,,0.0,,0.0
2025-04-29 17:30:00,0.0,26.0,24.0,2.0,2.0,,4.0,,,0.0,,0.0
2025-04-29 18:15:00,1.0,51.0,45.888888888888886,5.111111111111114,5.111111111111114,,2.0,,,11.750444444444451,4.75,2.473777777777779
2025-04-29 18:30:00,0.0,54.0,49.5,4.5,4.5,4.0,1.0,,,0.0,,0.0
2025-04-29 19:30:00,1.0,42.0,34.166666666666664,7.833333333333336,7.833333333333336,,1.5,13.0,,18.00883333333334,4.75,3.7913333333333346
2025-04-29 20:45:00,0.0,,,,,,,11.0,26.0,0.0,,0.0
2025-04-29 21:00:00,1.0,,,,,,,,,0.0,,0.0
2025-04-29 21:45:00,0.0,,25.0,,,,,,,0.0,,0.0
2025-04-29 22:00:00,0.0,,24.0,,,,,11.0,26.0,0.0,,0.0
2025-04-29 23:00:00,1.0,30.0,25.0,5.0,5.0,,,,,11.495,4.75,2.42
2025-04-29 23:30:00,0.0,24.0,24.0,0.0,2.0,4.0,,,,0.0,,0.0
2025-04-30 00:15:00,1.0,28.0,25.0,3.0,3.0,,3.0,,,6.897,4.75,1.452
2025-04-30 00:30:00,0.0,24.0,24.0,0.0,2.0,3.0,,,,0.0,,0.0
2025-04-30 01:15:00,0.0,29.0,24.0,5.0,5.0,,,,,0.0,,0.0
2025-04-30 01:30:00,0.0,27.333333333333332,25.0,2.333333333333332,2.333333333333332,,3.0,,,0.0,,0.0
2025-04-30 02:30:00,0.0,,,,,5.0,,,25.0,0.0,,0.0
2025-04-30 03:45:00,1.0,,23.0,,,,4.0,,,0.0,,0.0
2025-04-30 04:00:00,0.0,23.0,,,,,,,,0.0,,0.0
2025-04-30 04:45:00,1.0,27.5,,,,,2.0,,,0.0,,0.0
2025-04-30 05:00:00,0.0,24.0,,,,,4.0,,,0.0,,0.0
2025-04-30 06:00:00,0.0,51.5,45.0,6.5,6.5,4.0,1.0,12.0,,0.0,,0.0
2025-04-30 06:30:00,0.0,38.75,31.833333333333332,6.916666666666668,6.916666666666668,3.0,2.5,,,0.0,,0.0
2025-04-30 07:15:00,1.0,29.0,24.0,5.0,5.0,,2.0,,,11.495,4.75,2.42
2025-04-30 07:30:00,0.0,,,,,,,,,0.0,,0.0
2025-04-30 08:15:00,0.0,23.0,,,,,,,,0.0,,0.0
2025-04-30 08:30:00,0.0,,,,,,,12.0,,0.0,,0.0
2025-04-30 09:30:00,0.0,22.0,22.0,0.0,2.0,,,,,0.0,,0.0
2025-04-30 10:00:00,0.0,28.0,23.0,5.0,5.0,,3.3333333333333335,12.0,,0.0,,0.0
2025-04-30 10:30:00,0.0,25.0,,,,4.0,4.0,12.0,25.0,0.0,,0.0
2025-04-30 10:45:00,1.0,28.666666666666668,23.5,5.166666666666668,5.166666666666668,,2.3333333333333335,11.0,26.0,11.878166666666669,4.75,2.500666666666667
2025-04-30 11:00:00,0.0,45.166666666666664,39.5,5.666666666666664,5.666666666666664,,1.0,10.0,27.0,0.0,,0.0
2025-04-30 11:45:00,1.0,,,,,,,,,0.0,,0.0
2025-04-30 13:00:00,0.0,27.0,25.0,2.0,2.0,,3.0,10.0,27.0,0.0,,0.0
2025-04-30 13:30:00,1.0,,,,,4.0,,11.0,26.0,0.0,,0.0
2025-04-30 14:15:00,0.0,27.666666666666668,24.0,3.666666666666668,3.666666666666668,,2.5,,,0.0,,0.0
2025-04-30 14:30:00,0.0,,,,,,2.0,,,0.0,,0.0
2025-04-30 15:15:00,0.0,23.0,23.0,0.0,2.0,,,12.0,25.0,0.0,,0.0
2025-04-30 15:30:00,0.0,,,,,5.0,,,,0.0,,0.0
2025-04-30 16:30:00,0.0,25.0,,,,,3.0,12.0,25.0,0.0,,0.0
2025-04-30 17:00:00,0.0,25.0,,,,,4.0,12.5,24.0,0.0,,0.0
2025-04-30 17:45:00,1.0,30.0,,,,,,,,0.0,,0.0
2025-04-30 18:00:00,0.0,25.0,25.0,0.0,2.0,,2.0,,,0.0,,0.0
2025-04-30 18:45:00,0.0,,,,,,2.0,,,0.0,,0.0
2025-04-30 19:00:00,0.0,30.0,25.0,5.0,5.0,,,,,0.0,,0.0
2025-04-30 20:00:00,1.0,42.833333333333336,30.8,12.033333333333335,10.0,3.0,1.6666666666666667,10.0,,22.99,4.75,4.7
2025-04-30 20:30:00,0.0,29.0,24.0,5.0,5.0,,,,,0.0,,0.0
2025-04-30 21:15:00,1.0,,,,,,,,,0.0,,0.0
2025-04-30 21:30:00,0.0,,,,,,,,,0.0,,0.0
2025-04-30 22:15:00,1.0,42.25,35.6,6.649999999999999,6.649999999999999,,0.0,,,15.288349999999996,4.75,3.218599999999999
2025-04-30 23:30:00,1.0,40.75,35.55555555555556,5.194444444444443,5.194444444444443,1.0,-1.6666666666666667,6.0,31.0,11.942027777777774,4.75,2.5141111111111103
2025-05-01 00:30:00,1.0,31.0,,,,,,,,0.0,,0.0
2025-05-01 01:00:00,0.0,31.0,25.5,5.5,5.5,2.0,-1.0,5.0,32.0,0.0,,0.0
2025-05-01 01:45:00,1.0,31.5,,,,,,,,0.0,,0.0
2025-05-01 03:00:00,1.0,31.5,26.5,5.0,5.0,,,,,11.495,4.75,2.42
2025-05-01 04:00:00,1.0,,26.5,,,,,4.0,,0.0,,0.0
2025-05-01 05:15:00,1.0,31.5,26.5,5.0,5.0,,,,,11.495,4.75,2.42
2025-05-01 05:30:00,0.0,31.5,,,,,,,,0.0,,0.0
2025-05-01 06:30:00,1.0,30.5,,,,,,7.0,,0.0,,0.0
2025-05-01 07:30:00,1.0,30.5,25.5,5.0,5.0,3.0,,,,11.495,4.75,2.42
2025-05-01 08:45:00,0.0,50.5,42.5,8.0,8.0,2.0,,10.0,27.0,0.0,,0.0
2025-05-01 09:00:00,0.0,54.0,49.5,4.5,4.5,,,,,0.0,,0.0
2025-05-01 10:00:00,1.0,24.0,24.0,0.0,2.0,,,,,4.598,4.75,0.968
2025-05-01 10:30:00,0.0,23.0,23.0,0.0,2.0,,4.0,12.0,25.0,0.0,,0.0
2025-05-01 11:15:00,0.0,,,,,,,14.0,,0.0,,0.0
2025-05-01 11:30:00,0.0,,,,,,,,,0.0,,0.0
2025-05-01 12:15:00,0.0,,,,,,,,,0.0,,0.0
2025-05-01 12:30:00,0.0,,,,,,5.0,,,0.0,,0.0
2025-05-01 13:30:00,0.0,,,,,,,13.0,,0.0,,0.0
2025-05-01 14:00:00,0.0,,,,,,,,,0.0,,0.0
2025-05-01 14:45:00,0.0,,,,,,,,,0.0,,0.0
2025-05-01 15:00:00,0.0,,,,,,,14.0,,0.0,,0.0
2025-05-01 15:45:00,0.0,,,,,,2.0,,,0.0,,0.0
2025-05-01 16:00:00,0.0,26.0,24.0,2.0,2.0,4.0,4.0,,,0.0,,0.0
2025-05-01 17:00:00,1.0,22.0,22.0,0.0,2.0,5.0,5.0,,,4.598,4.75,0.968
2025-05-01 17:30:00,0.0,,,,,,,,,0.0,,0.0
2025-05-01 18:15:00,0.0,23.0,23.0,0.0,2.0,4.5,,,,0.0,,0.0
2025-05-01 18:30:00,0.0,,,,,,,,,0.0,,0.0
2025-05-01 19:15:00,0.0,28.0,23.0,5.0,5.0,,2.5,12.0,25.0,0.0,,0.0
2025-05-01 19:30:00,0.0,29.0,24.0,5.0,5.0,4.0,,,,0.0,,0.0
2025-05-01 20:30:00,1.0,51.0,46.0,5.0,5.0,3.0,,,,11.495,4.75,2.42
2025-05-01 21:00:00,0.0,43.42857142857143,35.8,7.628571428571433,7.628571428571433,,2.0,,,0.0,,0.0
2025-05-01 21:45:00,1.0,,,,,,,,,0.0,,0.0
2025-05-01 22:00:00,0.0,,,,,,,9.0,28.0,0.0,,0.0
2025-05-01 22:45:00,1.0,,,,,,,,,0.0,,0.0
2025-05-01 23:00:00,0.0,29.5,,,,,,,,0.0,,0.0
2025-05-02 00:00:00,1.0,29.5,,,,,,,,0.0,,0.0
2025-05-02 01:15:00,1.0,,,,,,,,,0.0,,0.0
2025-05-02 01:30:00,0.0,,,,,,,,,0.0,,0.0
2025-05-02 02:15:00,1.0,29.5,24.5,5.0,5.0,,0.5,,,11.495,4.75,2.42
2025-05-02 02:30:00,0.0,30.0,,,,,,,,0.0,,0.0
2025-05-02 03:30:00,1.0,29.5,24.0,5.5,5.5,,1.0,,,12.644499999999999,4.75,2.662
2025-05-02 04:00:00,0.0,,25.5,,,,,,,0.0,,0.0
2025-05-02 04:45:00,1.0,,25.0,,,,,,,0.0,,0.0
2025-05-02 05:00:00,0.0,26.666666666666668,,,,,2.0,,,0.0,,0.0
2025-05-02 06:00:00,0.0,27.2,24.0,3.1999999999999993,3.1999999999999993,4.0,2.0,,,0.0,,0.0
2025-05-02 07:00:00,0.0,23.0,,,,,,,,0.0,,0.0
2025-05-02 07:30:00,1.0,,23.0,,,,,,25.0,0.0,,0.0
2025-05-02 08:15:00,0.0,,,,,,,,,0.0,,0.0
2025-05-02 08:30:00,1.0,,,,,,,13.0,24.0,0.0,,0.0
2025-05-02 09:30:00,1.0,,,,,,,13.0,24.0,0.0,,0.0
2025-05-02 10:30:00,0.0,,,,,,,,,0.0,,0.0
2025-05-02 11:00:00,1.0,22.0,22.0,0.0,2.0,,,,,4.598,4.75,0.968
2025-05-02 11:45:00,0.0,,,,,,,,,0.0,,0.0
2025-05-02 12:00:00,1.0,27.0,,,,,4.0,,,0.0,,0.0
2025-05-02 13:00:00,0.0,40.166666666666664,35.25,4.916666666666664,4.916666666666664,,1.5,,,0.0,,0.0
2025-05-02 14:00:00,1.0,22.0,22.0,0.0,2.0,,,,,4.598,4.75,0.968
2025-05-02 14:30:00,0.0,,,,,5.0,5.0,16.5,,0.0,,0.0
2025-05-02 15:15:00,1.0,27.0,23.0,4.0,4.0,,3.0,,,9.196,4.75,1.936
2025-05-02 15:30:00,0.0,28.5,24.0,4.5,4.5,,2.0,,,0.0,,0.0
2025-05-02 16:30:00,1.0,50.0,43.27272727272727,6.727272727272727,6.727272727272727,5.0,2.0,,,15.465999999999998,4.75,3.2559999999999993
2025-05-02 17:00:00,0.0,48.5,39.0,9.5,9.5,,0.0,,,0.0,,0.0
2025-05-02 17:30:00,1.0,45.5,36.0,9.5,9.5,,,16.0,,21.8405,4.75,4.598
2025-05-02 18:45:00,1.0,23.0,,,,,3.0,,,0.0,,0.0
2025-05-02 19:00:00,0.0,25.6,22.5,3.1000000000000014,3.1000000000000014,4.0,2.3333333333333335,,,0.0,,0.0
2025-05-02 20:00:00,0.0,,,,,4.0,,,,0.0,,0.0
2025-05-02 20:30:00,0.0,,22.0,,,,,,,0.0,,0.0
2025-05-02 21:15:00,1.0,34.57142857142857,34.166666666666664,0.4047619047619051,2.0,3.0,2.5,10.5,26.0,4.598,4.75,0.968
2025-05-02 21:30:00,0.0,28.5,24.0,4.5,4.5,4.0,2.0,,,0.0,,0.0
2025-05-02 22:15:00,1.0,,,,,,,,,0.0,,0.0
2025-05-02 22:30:00,0.0,,25.0,,,,,9.0,28.0,0.0,,0.0
2025-05-02 23:30:00,1.0,,,,,,,,,0.0,,0.0
2025-05-03 00:45:00,1.0,,,,,,,,,0.0,,0.0
2025-05-03 01:45:00,1.0,,,,,,,,,0.0,,0.0
2025-05-03 03:00:00,1.0,30.0,,,,,0.0,,29.0,0.0,,0.0
2025-05-03 04:15:00,1.0,28.0,25.0,3.0,3.0,,2.0,,,6.897,4.75,1.452
2025-05-03 05:15:00,0.0,,,,,,,,,0.0,,0.0
2025-05-03 05:30:00,0.0,,,,,,0.0,,,0.0,,0.0
2025-05-03 06:30:00,1.0,,,,,,,,,0.0,,0.0
2025-05-03 07:45:00,0.0,27.333333333333332,,,,,2.0,9.0,28.0,0.0,,0.0
2025-05-03 08:00:00,0.0,25.0,25.0,0.0,2.0,,3.0,,,0.0,,0.0
2025-05-03 08:45:00,1.0,25.0,25.0,0.0,2.0,,,,,4.598,4.75,0.968
2025-05-03 09:00:00,0.0,24.0,24.0,0.0,2.0,4.0,,10.0,27.0,0.0,,0.0
2025-05-03 10:00:00,0.0,44.0,36.714285714285715,7.285714285714285,7.285714285714285,5.0,2.0,,,0.0,,0.0
2025-05-03 10:30:00,0.0,55.5,52.5,3.0,3.0,,,,,0.0,,0.0
2025-05-03 11:15:00,0.0,,,,,4.0,,,24.0,0.0,,0.0
2025-05-03 11:30:00,0.0,,,,,,,13.0,,0.0,,0.0
2025-05-03 12:30:00,0.0,,,,,,5.0,14.0,,0.0,,0.0
2025-05-03 13:30:00,0.0,,,,,,,,,0.0,,0.0
2025-05-03 14:00:00,0.0,,,,,,,16.0,,0.0,,0.0
2025-05-03 14:45:00,0.0,,,,,,,16.0,,0.0,,0.0
2025-05-03 15:00:00,0.0,,,,,,,,,0.0,,0.0
2025-05-03 16:00:00,0.0,,,,,,,16.0,,0.0,,0.0
2025-05-03 17:00:00,0.0,45.0,38.5,6.5,6.5,,3.5,,,0.0,,0.0
2025-05-03 17:30:00,0.0,54.0,49.0,5.0,5.0,,1.0,15.0,,0.0,,0.0
2025-05-03 18:15:00,1.0,23.5,23.5,0.0,2.0,,4.0,14.0,,4.598,4.75,0.968
2025-05-03 18:30:00,0.0,24.0,,,,,3.0,,,0.0,,0.0
2025-05-03 19:30:00,1.0,23.5,23.0,0.5,2.0,,4.0,13.0,,4.598,4.75,0.968
2025-05-03 20:00:00,0.0,,,,,5.0,,,,0.0,,0.0
2025-05-03 20:30:00,0.0,50.8,41.0,9.799999999999997,9.799999999999997,,2.0,,,0.0,,0.0
2025-05-03 21:00:00,0.0,,46.0,,,3.0,0.0,12.0,25.0,0.0,,0.0
2025-05-03 21:45:00,1.0,29.0,23.5,5.5,5.5,4.0,2.0,,,12.644499999999999,4.75,2.662
2025-05-03 22:00:00,0.0,29.0,,,,,,,,0.0,,0.0
2025-05-03 23:00:00,1.0,30.0,25.0,5.0,5.0,,,10.0,27.0,11.495,4.75,2.42
2025-05-04 00:00:00,1.0,,,,,,,9.0,28.0,0.0,,0.0
2025-05-04 00:30:00,0.0,30.0,,,,,,,,0.0,,0.0
2025-05-04 01:15:00,1.0,,,,,,,,,0.0,,0.0
2025-05-04 01:30:00,0.0,26.0,,,,,2.0,,,0.0,,0.0
2025-05-04 02:30:00,0.0,31.0,26.0,5.0,5.0,,,,,0.0,,0.0
2025-05-04 03:00:00,1.0,30.5,25.0,5.5,5.5,,1.3333333333333333,,,12.644499999999999,4.75,2.662
2025-05-04 03:45:00,0.0,,,,,,,,,0.0,,0.0
2025-05-04 04:00:00,0.0,28.5,25.0,3.5,3.5,,2.0,8.0,29.0,0.0,,0.0
2025-05-04 04:45:00,1.0,,,,,,,,,0.0,,0.0
2025-05-04 05:00:00,0.0,,,,,,,7.0,30.0,0.0,,0.0
2025-05-04 06:00:00,1.0,,,,,,,5.0,32.0,0.0,,0.0
2025-05-04 07:15:00,1.0,53.5,49.333333333333336,4.166666666666664,4.166666666666664,,,,,9.57916666666666,4.75,2.0166666666666653
2025-05-04 08:15:00,1.0,,,,,,,,,0.0,,0.0
2025-05-04 08:30:00,0.0,,,,,,,7.0,30.0,0.0,,0.0
2025-05-04 09:30:00,1.0,,,,,,0.0,,,0.0,,0.0
2025-05-04 10:00:00,0.0,49.0,39.5,9.5,9.5,,,8.0,,0.0,,0.0
2025-05-04 10:45:00,1.0,69.28571428571429,61.375,7.910714285714292,7.910714285714292,3.0,2.0,,,18.186732142857156,4.75,3.828785714285717
2025-05-04 11:00:00,0.0,36.0,25.666666666666668,10.333333333333332,10.0,,2.25,,,0.0,,0.0
2025-05-04 11:45:00,1.0,31.0,26.0,5.0,5.0,,,,,11.495,4.75,2.42
2025-05-04 12:00:00,0.0,28.0,,,,,1.5,,,0.0,,0.0
2025-05-04 13:00:00,0.0,,,,,,,,29.0,0.0,,0.0
2025-05-04 13:30:00,0.0,30.6,25.5,5.100000000000001,5.100000000000001,,1.3333333333333333,6.5,30.5,0.0,,0.0
2025-05-04 14:15:00,1.0,,,,,,,,32.0,0.0,,0.0
2025-05-04 14:30:00,0.0,,27.0,,,,,,31.0,0.0,,0.0
2025-05-04 15:15:00,1.0,,,,,,,,,0.0,,0.0
2025-05-04 15:30:00,0.0,,27.0,,,,,,,0.0,,0.0
2025-05-04 16:30:00,1.0,32.0,27.0,5.0,5.0,,,,,11.495,4.75,2.42
2025-05-04 17:00:00,0.0,29.0,26.0,3.0,3.0,,1.75,,,0.0,,0.0
2025-05-04 17:45:00,1.0,,,,,,,,,0.0,,0.0
2025-05-04 18:00:00,0.0,30.0,,,,,2.0,,,0.0,,0.0
2025-05-04 18:45:00,1.0,32.0,,,,,,,,0.0,,0.0
2025-05-04 19:00:00,0.0,,27.0,,,,,,,0.0,,0.0
2025-05-04 20:00:00,1.0,,,,,,0.0,6.0,31.0,0.0,,0.0
2025-05-04 21:15:00,1.0,,,,,,,,,0.0,,0.0
2025-05-04 22:30:00,1.0,31.5,27.0,4.5,4.5,,,,33.0,10.3455,4.75,2.178
2025-05-04 23:30:00,1.0,31.5,27.0,4.5,4.5,,,,,10.3455,4.75,2.178
2025-05-05 00:45:00,1.0,31.5,26.5,5.0,5.0,,,,,11.495,4.75,2.42
2025-05-05 02:00:00,1.0,,26.5,,,,,3.0,,0.0,,0.0
2025-05-05 03:00:00,1.0,,26.5,,,,,,,0.0,,0.0
2025-05-05 03:30:00,0.0,,,,,2.0,,,,0.0,,0.0
2025-05-05 04:15:00,1.0,32.5,26.5,6.0,6.0,,,,,13.794,4.75,2.904
2025-05-05 05:30:00,1.0,32.5,26.5,6.0,6.0,,,,,13.794,4.75,2.904
2025-05-05 06:30:00,1.0,44.0,40.111111111111114,3.8888888888888857,3.8888888888888857,,,,,8.940555555555548,4.75,1.8822222222222207
2025-05-05 07:45:00,1.0,32.0,26.5,5.5,5.5,,,,,12.644499999999999,4.75,2.662
2025-05-05 09:00:00,1.0,32.0,,,,,,6.0,31.0,0.0,,0.0
2025-05-05 10:00:00,1.0,,,,,,,7.0,30.0,0.0,,0.0
2025-05-05 11:15:00,1.0,,,,,,,,,0.0,,0.0
2025-05-05 11:30:00,0.0,,,,,,0.0,9.0,28.0,0.0,,0.0
2025-05-05 12:30:00,0.0,31.0,,,,,,,,0.0,,0.0
2025-05-05 13:00:00,1.0,26.5,,,,,,,,0.0,,0.0
2025-05-05 13:30:00,0.0,,,,,4.0,,,,0.0,,0.0
2025-05-05 14:00:00,0.0,24.0,24.0,0.0,2.0,,4.0,11.0,26.0,0.0,,0.0
2025-05-05 14:45:00,0.0,,,,,,,11.0,26.0,0.0,,0.0
2025-05-05 15:00:00,0.0,,,,,,,,25.0,0.0,,0.0
2025-05-05 16:00:00,0.0,,,,,,5.0,,,0.0,,0.0
2025-05-05 17:00:00,1.0,41.25,29.285714285714285,11.964285714285715,10.0,,,,,22.99,4.75,4.7
2025-05-05 17:30:00,0.0,48.0,42.5,5.5,5.5,,-1.0,,,0.0,,0.0
2025-05-05 18:15:00,1.0,54.5,51.5,3.0,3.0,,,,,6.897,4.75,1.452
2025-05-05 19:15:00,0.0,30.0,,,,,,,,0.0,,0.0
2025-05-05 19:30:00,0.0,,,,,,,,,0.0,,0.0
2025-05-05 20:30:00,1.0,30.0,25.0,5.0,5.0,,1.0,10.0,27.0,11.495,4.75,2.42
2025-05-05 21:00:00,0.0,31.0,26.0,5.0,5.0,,,,28.0,0.0,,0.0
2025-05-05 21:45:00,1.0,30.5,25.0,5.5,5.5,,0.5,,,12.644499999999999,4.75,2.662
2025-05-05 22:00:00,0.0,,26.0,,,,,,,0.0,,0.0
2025-05-05 22:45:00,1.0,28.75,25.0,3.75,3.75,,2.0,,,8.62125,4.75,1.815
2025-05-05 23:00:00,0.0,30.0,26.0,4.0,4.0,4.0,1.0,,,0.0,,0.0
2025-05-06 00:00:00,0.0,30.5,26.0,4.5,4.5,4.0,1.0,,,0.0,,0.0
2025-05-06 00:30:00,0.0,25.0,25.0,0.0,2.0,4.0,,,,0.0,,0.0
2025-05-06 01:00:00,1.0,,,,,,1.0,,,0.0,,0.0
2025-05-06 01:30:00,0.0,27.666666666666668,25.0,2.666666666666668,2.666666666666668,3.5,1.5,,,0.0,,0.0
2025-05-06 02:15:00,0.0,26.0,25.0,1.0,2.0,,2.5,,,0.0,,0.0
2025-05-06 02:30:00,1.0,29.333333333333332,,,,4.0,1.3333333333333333,,,0.0,,0.0
2025-05-06 03:30:00,0.0,29.333333333333332,25.0,4.333333333333332,4.333333333333332,,1.5,,,0.0,,0.0
2025-05-06 04:00:00,0.0,,,,,,,,,0.0,,0.0
2025-05-06 04:45:00,1.0,27.0,,,,,2.0,,,0.0,,0.0
2025-05-06 05:00:00,0.0,29.333333333333332,,,,,1.0,,,0.0,,0.0
2025-05-06 05:45:00,1.0,,,,,,,,,0.0,,0.0
2025-05-06 06:00:00,0.0,26.5,,,,,2.0,,,0.0,,0.0
2025-05-06 07:00:00,1.0,,,,,,,,,0.0,,0.0
2025-05-06 07:30:00,0.0,57.0,54.0,3.0,3.0,,,,,0.0,,0.0
2025-05-06 08:15:00,1.0,,25.5,,,,,8.0,29.0,0.0,,0.0
2025-05-06 08:30:00,0.0,30.5,26.0,4.5,4.5,,,,,0.0,,0.0
2025-05-06 09:15:00,1.0,27.0,,,,,1.5,,,0.0,,0.0
2025-05-06 09:30:00,0.0,29.8,25.0,4.800000000000001,4.800000000000001,,1.0,,,0.0,,0.0
2025-05-06 10:30:00,1.0,26.5,26.5,0.0,2.0,,2.0,8.0,29.0,4.598,4.75,0.968
2025-05-06 11:00:00,0.0,,,,,,2.0,,,0.0,,0.0
2025-05-06 11:45:00,0.0,28.666666666666668,25.0,3.666666666666668,3.666666666666668,,2.0,,,0.0,,0.0
2025-05-06 12:00:00,0.0,31.0,26.0,5.0,5.0,,1.0,,28.0,0.0,,0.0
2025-05-06 12:45:00,0.0,24.0,24.0,0.0,2.0,,4.0,,,0.0,,0.0
2025-05-06 13:00:00,0.0,29.25,25.0,4.25,4.25,,2.3333333333333335,,,0.0,,0.0
2025-05-06 14:00:00,1.0,24.0,,,,,,,,0.0,,0.0
2025-05-06 14:30:00,0.0,26.5,,,,,3.5,10.0,27.0,0.0,,0.0
2025-05-06 15:15:00,0.0,,,,,,,,,0.0,,0.0
2025-05-06 15:30:00,0.0,,,,,5.0,,,,0.0,,0.0
2025-05-06 16:30:00,0.0,42.875,33.72727272727273,9.147727272727273,9.147727272727273,4.0,1.5,11.0,,0.0,,0.0
2025-05-06 17:30:00,1.0,39.714285714285715,37.5,2.2142857142857153,2.2142857142857153,,-1.5,,26.0,5.09064285714286,4.75,1.0717142857142863
2025-05-06 18:45:00,1.0,29.0,,,,4.0,3.0,,,0.0,,0.0
2025-05-06 19:00:00,0.0,29.5,25.0,4.5,4.5,,1.0,,,0.0,,0.0
2025-05-06 20:00:00,1.0,30.0,,,,4.0,1.0,,,0.0,,0.0
2025-05-06 21:00:00,0.0,,26.0,,,3.0,,,,0.0,,0.0
2025-05-06 21:30:00,0.0,28.333333333333332,25.0,3.333333333333332,3.333333333333332,4.0,1.75,,,0.0,,0.0
2025-05-06 22:15:00,1.0,,,,,,,,,0.0,,0.0
2025-05-06 22:30:00,0.0,27.0,,,,,2.5,,,0.0,,0.0
2025-05-06 23:15:00,1.0,32.0,,,,,0.0,,,0.0,,0.0
2025-05-06 23:30:00,0.0,49.55555555555556,46.333333333333336,3.2222222222222214,3.2222222222222214,,,7.0,30.0,0.0,,0.0
2025-05-07 00:30:00,1.0,,,,,3.0,,6.0,31.0,0.0,,0.0
2025-05-07 01:30:00,1.0,,27.0,,,,,6.0,30.0,0.0,,0.0
2025-05-07 02:45:00,1.0,,27.0,,,,,,,0.0,,0.0
2025-05-07 03:00:00,0.0,,,,,,,6.0,31.0,0.0,,0.0
2025-05-07 04:00:00,1.0,,,,,,,,,0.0,,0.0
2025-05-07 05:00:00,1.0,,,,,,,,,0.0,,0.0
2025-05-07 06:15:00,1.0,47.0,38.57142857142857,8.42857142857143,8.42857142857143,,1.0,,,19.37728571428572,4.75,4.079428571428572
2025-05-07 07:15:00,1.0,,26.5,,,,,,,0.0,,0.0
2025-05-07 08:30:00,1.0,,27.0,,,2.0,,,,0.0,,0.0
2025-05-07 09:30:00,1.0,31.0,26.0,5.0,5.0,,0.3333333333333333,8.0,30.0,11.495,4.75,2.42
2025-05-07 10:00:00,0.0,32.0,27.0,5.0,5.0,,,,,0.0,,0.0
2025-05-07 10:45:00,0.0,30.666666666666668,26.0,4.666666666666668,4.666666666666668,,1.5,,,0.0,,0.0
2025-05-07 12:00:00,1.0,25.0,25.0,0.0,2.0,4.0,,,,4.598,4.75,0.968
2025-05-07 13:00:00,0.0,24.0,24.0,0.0,2.0,,,,,0.0,,0.0
2025-05-07 13:30:00,0.0,,,,,5.0,,11.0,26.0,0.0,,0.0
2025-05-07 14:15:00,0.0,,,,,,,,,0.0,,0.0
2025-05-07 14:30:00,0.0,,,,,,,,,0.0,,0.0
2025-05-07 15:15:00,0.0,,,,,,,,,0.0,,0.0
2025-05-07 15:30:00,0.0,,,,,,,11.5,25.0,0.0,,0.0
2025-05-07 16:30:00,0.0,,,,,,,,,0.0,,0.0
2025-05-07 17:00:00,0.0,,,,,,,12.5,25.0,0.0,,0.0
2025-05-07 17:30:00,0.0,28.666666666666668,24.0,4.666666666666668,4.666666666666668,,3.5,,26.0,0.0,,0.0
2025-05-07 18:00:00,0.0,,,,,4.0,,,,0.0,,0.0
2025-05-07 18:45:00,1.0,55.5,51.5,4.0,4.0,3.0,,,,9.196,4.75,1.936
2025-05-07 20:00:00,1.0,,,,,,,,,0.0,,0.0
2025-05-07 21:00:00,1.0,45.714285714285715,42.166666666666664,3.547619047619051,3.547619047619051,,0.0,,,8.155976190476197,4.75,1.7170476190476205
2025-05-07 22:15:00,1.0,43.4,41.083333333333336,2.316666666666663,2.316666666666663,1.0,-1.5,,,5.326016666666658,4.75,1.1212666666666649
2025-05-07 23:15:00,1.0,31.0,,,,,,,,0.0,,0.0
2025-05-07 23:30:00,0.0,,,,,,0.0,,,0.0,,0.0
2025-05-08 00:30:00,1.0,,,,,,,,,0.0,,0.0
2025-05-08 01:45:00,1.0,,,,,,,,,0.0,,0.0
2025-05-08 02:45:00,1.0,,,,,,,,,0.0,,0.0
2025-05-08 03:00:00,0.0,32.0,,,,,0.0,6.0,31.0,0.0,,0.0
2025-05-08 04:00:00,1.0,,,,,,,,,0.0,,0.0
2025-05-08 05:00:00,1.0,,,,,,,5.0,,0.0,,0.0
2025-05-08 05:15:00,0.0,,,,,,,,,0.0,,0.0
2025-05-08 06:15:00,1.0,43.833333333333336,37.57142857142857,6.261904761904766,6.261904761904766,,-0.5,,,14.396119047619058,4.75,3.0307619047619068
2025-05-08 06:30:00,0.0,42.75,32.333333333333336,10.416666666666664,10.0,4.5,2.5,,,0.0,,0.0
2025-05-08 07:30:00,0.0,31.0,,,,12.5,10.0,,,0.0,,0.0
2025-05-08 08:00:00,0.0,30.0,25.5,4.5,4.5,15.0,12.0,7.0,30.0,0.0,,0.0
2025-05-08 08:45:00,0.0,,,,,,14.0,,,0.0,,0.0
2025-05-08 09:00:00,0.0,28.0,,,,18.0,,,,0.0,,0.0
2025-05-08 10:00:00,1.0,40.0,38.0,2.0,2.0,3.0,2.5,,,4.598,4.75,0.968
2025-05-08 11:00:00,0.0,,26.0,,,,,9.0,28.0,0.0,,0.0
2025-05-08 11:30:00,0.0,25.0,25.0,0.0,2.0,4.0,,,,0.0,,0.0
2025-05-08 12:15:00,1.0,28.5,,,,,2.3333333333333335,,,0.0,,0.0
2025-05-08 12:30:00,0.0,30.0,25.0,5.0,5.0,,,,,0.0,,0.0
2025-05-08 13:15:00,0.0,24.0,24.0,0.0,2.0,,,11.0,26.0,0.0,,0.0
2025-05-08 13:30:00,0.0,,,,,,,,25.0,0.0,,0.0
2025-05-08 14:30:00,0.0,23.0,,,,,5.0,12.0,25.0,0.0,,0.0
2025-05-08 15:00:00,0.0,,23.0,,,,,,,0.0,,0.0
2025-05-08 15:45:00,0.0,,,,,,,,,0.0,,0.0
2025-05-08 16:00:00,0.0,,,,,,,,24.0,0.0,,0.0
2025-05-08 16:45:00,0.0,27.666666666666668,25.0,2.666666666666668,2.666666666666668,,3.0,,,0.0,,0.0
2025-05-08 17:00:00,0.0,42.5,38.142857142857146,4.357142857142854,4.357142857142854,4.5,2.0,,,0.0,,0.0
2025-05-08 18:00:00,1.0,,,,,3.5,,,,0.0,,0.0
2025-05-08 18:30:00,0.0,23.0,,,,,,11.0,,0.0,,0.0
2025-05-08 19:15:00,0.0,30.0,25.0,5.0,5.0,,,10.0,27.0,0.0,,0.0
2025-05-08 19:30:00,0.0,,,,,,1.0,,,0.0,,0.0
2025-05-08 20:15:00,1.0,45.22222222222222,40.583333333333336,4.638888888888886,4.638888888888886,4.0,0.6666666666666666,,,10.664805555555548,4.75,2.2452222222222207
2025-05-08 20:30:00,0.0,54.8,49.5,5.299999999999997,5.299999999999997,3.0,0.0,,,0.0,,0.0
2025-05-08 21:30:00,1.0,54.5,51.0,3.5,3.5,2.0,,,,8.0465,4.75,1.694
2025-05-08 22:00:00,0.0,29.333333333333332,,,,3.0,1.0,7.0,,0.0,,0.0
2025-05-08 22:45:00,1.0,,,,,,,,,0.0,,0.0
2025-05-08 23:00:00,0.0,,,,,,,,,0.0,,0.0
2025-05-08 23:45:00,1.0,,,,,,,,,0.0,,0.0
2025-05-09 01:00:00,1.0,,,,,,,,,0.0,,0.0
2025-05-09 02:00:00,1.0,,,,,,,,,0.0,,0.0
2025-05-09 02:30:00,0.0,30.5,,,,,,,,0.0,,0.0
2025-05-09 03:15:00,1.0,,,,,,,,,0.0,,0.0
2025-05-09 04:30:00,1.0,,,,,,,,,0.0,,0.0
2025-05-09 05:30:00,1.0,,,,,,,,,0.0,,0.0
2025-05-09 06:45:00,1.0,56.4,48.833333333333336,7.566666666666663,7.566666666666663,,0.0,,,17.395766666666656,4.75,3.6622666666666643
2025-05-09 08:00:00,1.0,30.5,25.5,5.0,5.0,,,,,11.495,4.75,2.42
2025-05-09 09:00:00,1.0,30.5,25.5,5.0,5.0,,,,,11.495,4.75,2.42
2025-05-09 10:15:00,1.0,30.5,25.5,5.0,5.0,,,,,11.495,4.75,2.42
2025-05-09 11:30:00,1.0,29.0,25.5,3.5,3.5,,2.0,8.0,29.0,8.0465,4.75,1.694
2025-05-09 12:30:00,1.0,,25.5,,,,,,,0.0,,0.0
2025-05-09 13:00:00,0.0,56.5,52.5,4.0,4.0,,,,,0.0,,0.0
2025-05-09 13:45:00,1.0,,25.5,,,,,,,0.0,,0.0
2025-05-09 15:00:00,1.0,,25.5,,,,,9.0,28.0,0.0,,0.0
2025-05-09 16:00:00,1.0,30.0,,,,,,,,0.0,,0.0
2025-05-09 16:30:00,0.0,,,,,,,,,0.0,,0.0
2025-05-09 17:15:00,1.0,,,,,,,,,0.0,,0.0
2025-05-09 18:15:00,1.0,,,,,,,,,0.0,,0.0
2025-05-09 19:30:00,1.0,,,,,,,,,0.0,,0.0
2025-05-09 20:00:00,0.0,30.0,25.0,5.0,5.0,3.0,0.0,7.0,30.0,0.0,,0.0
2025-05-09 20:45:00,1.0,,,,,,,,,0.0,,0.0
2025-05-09 21:45:00,1.0,,,,,,,,,0.0,,0.0
2025-05-09 23:00:00,1.0,55.5,52.5,3.0,3.0,2.0,0.0,,,6.897,4.75,1.452
2025-05-10 00:15:00,1.0,,,,,,,,,0.0,,0.0
2025-05-10 00:30:00,0.0,,,,,3.0,,,,0.0,,0.0
2025-05-10 01:15:00,1.0,,,,,,,,,0.0,,0.0
2025-05-10 02:30:00,1.0,,,,,,,,,0.0,,0.0
2025-05-10 03:45:00,1.0,,,,,,,,,0.0,,0.0
2025-05-10 04:45:00,1.0,,,,,,,,,0.0,,0.0
2025-05-10 06:00:00,1.0,,,,,,,,,0.0,,0.0
2025-05-10 06:30:00,0.0,,,,,,,,,0.0,,0.0
2025-05-10 07:15:00,1.0,,,,,,0.0,8.0,29.0,0.0,,0.0
2025-05-10 08:15:00,1.0,33.2,28.8,4.400000000000002,4.400000000000002,,0.0,,,10.115600000000004,4.75,2.129600000000001
2025-05-10 09:30:00,1.0,,25.0,,,,,,,0.0,,0.0
2025-05-10 10:30:00,0.0,29.0,,,,,,,,0.0,,0.0
2025-05-10 11:00:00,1.0,26.5,25.0,1.5,2.0,,2.0,,,4.598,4.75,0.968
2025-05-10 11:45:00,0.0,,,,,4.0,4.0,,,0.0,,0.0
2025-05-10 12:00:00,0.0,23.0,23.0,0.0,2.0,,,,24.0,0.0,,0.0
2025-05-10 13:00:00,0.0,54.0,48.888888888888886,5.111111111111114,5.111111111111114,4.5,1.0,,,0.0,,0.0
2025-05-10 14:00:00,0.0,,,,,,4.0,,,0.0,,0.0
2025-05-10 14:30:00,0.0,,,,,,,,,0.0,,0.0
2025-05-10 15:15:00,0.0,,,,,,,,,0.0,,0.0
2025-05-10 15:30:00,0.0,,,,,,5.0,13.0,,0.0,,0.0
2025-05-10 16:30:00,1.0,23.5,,,,,,,,0.0,,0.0
2025-05-10 17:30:00,0.0,,,,,,1.0,,25.0,0.0,,0.0
2025-05-10 18:00:00,0.0,26.0,,,,3.0,3.0,,,0.0,,0.0
2025-05-10 18:45:00,0.0,27.5,,,,,2.3333333333333335,,,0.0,,0.0
2025-05-10 19:00:00,0.0,28.0,24.0,4.0,4.0,,,,,0.0,,0.0
2025-05-10 20:00:00,1.0,,,,,,,,27.0,0.0,,0.0
2025-05-10 21:00:00,0.0,,,,,,,,,0.0,,0.0
2025-05-10 21:30:00,0.0,,25.0,,,,0.0,,,0.0,,0.0
2025-05-10 22:15:00,1.0,46.0,40.0,6.0,6.0,,,,,13.794,4.75,2.904
2025-05-10 23:15:00,0.0,,,,,,,,,0.0,,0.0
2025-05-10 23:30:00,0.0,,,,,,,,,0.0,,0.0
2025-05-11 00:30:00,1.0,,,,,,,,,0.0,,0.0
2025-05-11 01:45:00,1.0,,,,,,,,,0.0,,0.0
2025-05-11 02:45:00,0.0,,,,,,,,,0.0,,0.0
2025-05-11 04:00:00,1.0,,,,,,,,,0.0,,0.0
2025-05-11 05:15:00,0.0,,,,,,,,,0.0,,0.0
2025-05-11 06:15:00,1.0,,,,,,,,,0.0,,0.0
2025-05-11 07:30:00,1.0,27.2,,,,,1.5,,,0.0,,0.0
2025-05-11 08:00:00,0.0,41.333333333333336,34.5,6.833333333333336,6.833333333333336,,0.0,10.0,27.0,0.0,,0.0
2025-05-11 08:45:00,1.0,55.5,52.5,3.0,3.0,,,,,6.897,4.75,1.452
2025-05-11 09:00:00,0.0,45.18181818181818,41.0,4.18181818181818,4.18181818181818,,-1.0,,,0.0,,0.0
2025-05-11 09:45:00,1.0,53.5,47.5,6.0,6.0,2.0,,,,13.794,4.75,2.904
2025-05-11 11:00:00,0.0,,,,,,,,,0.0,,0.0
2025-05-11 11:30:00,0.0,,,,,4.0,4.0,12.0,24.0,0.0,,0.0
2025-05-11 12:15:00,0.0,,,,,,,13.0,,0.0,,0.0
2025-05-11 12:30:00,0.0,,,,,,,,,0.0,,0.0
2025-05-11 13:15:00,0.0,,,,,,,,,0.0,,0.0
2025-05-11 13:30:00,0.0,44.42857142857143,39.375,5.053571428571431,5.053571428571431,,3.5,,,0.0,,0.0
2025-05-11 14:30:00,0.0,23.333333333333332,23.5,-0.16666666666666785,2.0,,,,,0.0,,0.0
2025-05-11 15:00:00,0.0,,,,,,,15.0,,0.0,,0.0
2025-05-11 15:30:00,0.0,,,,,5.0,,,,0.0,,0.0
2025-05-11 16:00:00,0.0,22.0,22.0,0.0,2.0,,5.0,,,0.0,,0.0
2025-05-11 16:45:00,0.0,,,,,,,,,0.0,,0.0
2025-05-11 17:00:00,0.0,,,,,,,,,0.0,,0.0
2025-05-11 18:00:00,0.0,,,,,,,13.0,,0.0,,0.0
2025-05-11 18:30:00,0.0,28.0,24.0,4.0,4.0,,2.5,12.0,,0.0,,0.0
2025-05-11 19:00:00,1.0,29.0,,,,,,,,0.0,,0.0
2025-05-11 19:30:00,0.0,28.0,23.0,5.0,5.0,,3.5,11.0,,0.0,,0.0
2025-05-11 20:15:00,1.0,,,,,,1.0,,,0.0,,0.0
2025-05-11 20:30:00,0.0,,,,,3.0,,10.0,27.0,0.0,,0.0
2025-05-11 21:30:00,1.0,,,,,,,,,0.0,,0.0
2025-05-11 22:30:00,1.0,,,,,,,7.0,30.0,0.0,,0.0
2025-05-11 23:45:00,1.0,,,,,,,,,0.0,,0.0
2025-05-12 01:00:00,1.0,,,,,,,,,0.0,,0.0
2025-05-12 02:00:00,1.0,,,,,,,,,0.0,,0.0
2025-05-12 03:15:00,1.0,,,,,,,,,0.0,,0.0
2025-05-12 04:15:00,1.0,,,,,,,,,0.0,,0.0
2025-05-12 04:30:00,0.0,,25.5,,,,,,,0.0,,0.0
2025-05-12 05:30:00,1.0,30.0,,,,,,,,0.0,,0.0
2025-05-12 06:00:00,0.0,31.0,,,,,,,,0.0,,0.0
2025-05-12 06:45:00,1.0,,,,,,,,,0.0,,0.0
2025-05-12 07:45:00,1.0,,,,,,,,,0.0,,0.0
2025-05-12 08:00:00,0.0,,,,,,,9.0,28.0,0.0,,0.0
2025-05-12 09:00:00,1.0,24.0,,,,4.0,,,,0.0,,0.0
2025-05-12 09:30:00,0.0,,,,,,4.0,,,0.0,,0.0
2025-05-12 10:15:00,0.0,,,,,,,,,0.0,,0.0
2025-05-12 10:30:00,0.0,23.0,23.0,0.0,2.0,5.0,,12.0,,0.0,,0.0
2025-05-12 11:15:00,0.0,,,,,,,,,0.0,,0.0
2025-05-12 11:30:00,0.0,,,,,,,14.0,,0.0,,0.0
2025-05-12 12:30:00,0.0,,,,,,,15.0,,0.0,,0.0
2025-05-12 13:00:00,0.0,39.333333333333336,32.0,7.333333333333336,7.333333333333336,,3.0,,,0.0,,0.0
2025-05-12 13:30:00,1.0,48.0,40.714285714285715,7.285714285714285,7.285714285714285,4.0,,17.0,,16.74985714285714,4.75,3.5262857142857142
2025-05-12 14:00:00,0.0,43.333333333333336,32.166666666666664,11.166666666666671,10.0,,,,,0.0,,0.0
2025-05-12 14:45:00,1.0,52.5,49.0,3.5,3.5,,,,,8.0465,4.75,1.694
2025-05-12 16:00:00,1.0,,,,,,4.0,,,0.0,,0.0
2025-05-12 17:00:00,0.0,,,,,5.0,,,,0.0,,0.0
2025-05-12 17:30:00,0.0,51.125,44.9,6.225000000000001,6.225000000000001,4.0,1.5,,,0.0,,0.0
2025-05-12 18:15:00,0.0,,,,,,,17.0,,0.0,,0.0
2025-05-12 18:30:00,0.0,27.666666666666668,,,,,3.0,16.0,,0.0,,0.0
2025-05-12 19:15:00,1.0,55.0,48.5,6.5,6.5,3.0,,,,14.9435,4.75,3.146
2025-05-12 19:30:00,0.0,44.0,37.2,6.799999999999997,6.799999999999997,,0.5,,,0.0,,0.0
2025-05-12 20:30:00,0.0,,,,,,,,,0.0,,0.0
2025-05-12 21:00:00,0.0,,,,,5.0,,12.0,,0.0,,0.0
2025-05-12 21:45:00,1.0,,25.0,,,,,,26.0,0.0,,0.0
2025-05-12 22:00:00,0.0,,,,,,1.0,11.0,,0.0,,0.0
2025-05-12 22:45:00,1.0,,25.0,,,,,,27.0,0.0,,0.0
2025-05-12 23:00:00,0.0,30.0,,,,3.0,1.0,10.0,,0.0,,0.0
2025-05-13 00:00:00,1.0,29.666666666666668,24.5,5.166666666666668,5.166666666666668,,1.5,9.0,28.0,11.878166666666669,4.75,2.500666666666667
2025-05-13 00:30:00,0.0,,,,,,,,,0.0,,0.0
2025-05-13 01:00:00,1.0,,26.0,,,,,,,0.0,,0.0
2025-05-13 02:15:00,1.0,,,,,,,,,0.0,,0.0
2025-05-13 02:30:00,0.0,31.0,,,,,,,,0.0,,0.0
2025-05-13 03:30:00,1.0,,,,,,,,,0.0,,0.0
2025-05-13 04:00:00,0.0,28.666666666666668,25.0,3.666666666666668,3.666666666666668,,1.3333333333333333,9.0,28.0,0.0,,0.0
2025-05-13 04:30:00,1.0,28.0,25.0,3.0,3.0,,3.0,,,6.897,4.75,1.452
2025-05-13 05:00:00,0.0,27.666666666666668,24.5,3.166666666666668,3.166666666666668,,1.3333333333333333,,,0.0,,0.0
2025-05-13 05:45:00,0.0,,,,,4.0,,,,0.0,,0.0
2025-05-13 06:00:00,0.0,24.0,24.0,0.0,2.0,,4.0,10.0,27.0,0.0,,0.0
2025-05-13 07:00:00,1.0,54.0,50.0,4.0,4.0,3.0,0.0,11.0,26.0,9.196,4.75,1.936
2025-05-13 08:00:00,0.0,,,,,,,12.0,,0.0,,0.0
2025-05-13 08:30:00,0.0,46.625,36.44444444444444,10.180555555555557,10.0,4.5,1.5,,,0.0,,0.0
2025-05-13 09:15:00,1.0,38.75,33.8,4.950000000000003,4.950000000000003,,2.0,,,11.380050000000006,4.75,2.3958000000000013
2025-05-13 09:30:00,0.0,,,,,,3.0,,,0.0,,0.0
2025-05-13 10:30:00,0.0,,,,,5.0,,,,0.0,,0.0
2025-05-13 11:30:00,0.0,,,,,,,,,0.0,,0.0
2025-05-13 12:00:00,0.0,,,,,,,,,0.0,,0.0
2025-05-13 12:45:00,0.0,,,,,,,,,0.0,,0.0
2025-05-13 13:00:00,0.0,,,,,,,,,0.0,,0.0
2025-05-13 13:45:00,0.0,,,,,,,,,0.0,,0.0
2025-05-13 14:00:00,0.0,,,,,,,,,0.0,,0.0
2025-05-13 15:00:00,0.0,28.0,24.0,4.0,4.0,,3.0,,,0.0,,0.0
2025-05-13 15:30:00,0.0,,,,,,5.0,,,0.0,,0.0
2025-05-13 16:00:00,0.0,,,,,,,20.0,,0.0,,0.0
2025-05-13 16:30:00,0.0,22.0,22.0,0.0,2.0,,,19.0,,0.0,,0.0
2025-05-13 17:15:00,0.0,25.0,24.0,1.0,2.0,5.0,3.0,,,0.0,,0.0
2025-05-13 17:30:00,0.0,23.5,,,,4.0,,,,0.0,,0.0
2025-05-13 18:30:00,1.0,22.0,22.0,0.0,2.0,,,,,4.598,4.75,0.968
2025-05-13 19:30:00,0.0,25.0,,,,,3.0,16.0,,0.0,,0.0
2025-05-13 20:00:00,0.0,23.0,23.0,0.0,2.0,5.0,5.0,15.0,24.0,0.0,,0.0
