timestamp,battery_flow
2025-05-14 00:00:00+02:00,-0.0052210526315789
2025-05-14 01:00:00+02:00,-0.0054770642201834
2025-05-14 02:00:00+02:00,-0.0055922330097087
2025-05-14 03:00:00+02:00,-0.0055566037735849
2025-05-14 04:00:00+02:00,-0.0057636363636363
2025-05-14 05:00:00+02:00,-0.0056915887850467
2025-05-14 06:00:00+02:00,-0.0063055555555555
2025-05-14 07:00:00+02:00,-0.0060747663551401
2025-05-14 08:00:00+02:00,-0.0055809523809523
2025-05-14 09:00:00+02:00,-0.0052307692307692
2025-05-14 10:00:00+02:00,-0.0054495412844036
2025-05-14 11:00:00+02:00,-0.0053333333333333
2025-05-14 12:00:00+02:00,-0.0057169811320754
2025-05-14 13:00:00+02:00,-0.005826923076923
2025-05-14 14:00:00+02:00,-0.0048190476190476
2025-05-14 15:00:00+02:00,-0.0061801801801801
2025-05-14 16:00:00+02:00,-0.0055327102803738
2025-05-14 17:00:00+02:00,-0.0053039215686274
2025-05-14 18:00:00+02:00,-0.0059553571428571
2025-05-14 19:00:00+02:00,-0.0060096153846153
2025-05-14 20:00:00+02:00,-0.0061132075471698
2025-05-14 21:00:00+02:00,1.1562920353982302
2025-05-14 22:00:00+02:00,5.0016869565217394
2025-05-14 23:00:00+02:00,2.066567567567568
2025-05-15 00:00:00+02:00,-0.005695652173913
2025-05-15 01:00:00+02:00,-0.0058113207547169
2025-05-15 02:00:00+02:00,-0.0054134615384615
2025-05-15 03:00:00+02:00,-0.0058095238095238
2025-05-15 04:00:00+02:00,-0.00553
2025-05-15 05:00:00+02:00,-0.0058130841121495
2025-05-15 06:00:00+02:00,-0.0056574074074074
2025-05-15 07:00:00+02:00,-0.0065229357798165
2025-05-15 08:00:00+02:00,-0.0052574257425742
2025-05-15 09:00:00+02:00,-0.005
2025-05-15 10:00:00+02:00,-0.0051588785046728
2025-05-15 11:00:00+02:00,-0.0052264150943396
2025-05-15 12:00:00+02:00,-3.769052631578948
2025-05-15 13:00:00+02:00,-4.55975
2025-05-15 14:00:00+02:00,-5.119784482758621
2025-05-15 15:00:00+02:00,-1.8819181818181816
2025-05-15 16:00:00+02:00,-0.0047264150943396
2025-05-15 17:00:00+02:00,-0.0052882882882882
2025-05-15 18:00:00+02:00,2.330842105263158
2025-05-15 19:00:00+02:00,1.9989478260869564
2025-05-15 20:00:00+02:00,2.0019130434782606
2025-05-15 21:00:00+02:00,2.0003965517241378
2025-05-15 22:00:00+02:00,1.5066371681415929
2025-05-15 23:00:00+02:00,-0.0064
2025-05-16 00:00:00+02:00,-0.0059215686274509
2025-05-16 01:00:00+02:00,-0.0051089108910891
2025-05-16 02:00:00+02:00,-0.0056176470588235
2025-05-16 03:00:00+02:00,-0.0050934579439252
2025-05-16 04:00:00+02:00,-0.0057428571428571
2025-05-16 05:00:00+02:00,-0.0051428571428571
2025-05-16 06:00:00+02:00,-0.0056542056074766
2025-05-16 07:00:00+02:00,-0.0056111111111111
2025-05-16 08:00:00+02:00,-0.0052752293577981
2025-05-16 09:00:00+02:00,-0.004787037037037
2025-05-16 10:00:00+02:00,-0.0058918918918918
2025-05-16 11:00:00+02:00,-0.0055094339622641
2025-05-16 12:00:00+02:00,-0.0046574074074074
2025-05-16 13:00:00+02:00,-0.005137614678899
2025-05-16 14:00:00+02:00,-0.0056203703703703
2025-05-16 15:00:00+02:00,-0.0056727272727272
2025-05-16 16:00:00+02:00,-0.0053084112149532
2025-05-16 17:00:00+02:00,-3.086663636363636
2025-05-16 18:00:00+02:00,-1.38275
2025-05-16 19:00:00+02:00,0.0875794392523364
2025-05-16 20:00:00+02:00,-0.0055096153846153
2025-05-16 21:00:00+02:00,-0.0053738317757009
2025-05-16 22:00:00+02:00,-0.0052121212121212
2025-05-16 23:00:00+02:00,-0.0057830188679245
2025-05-17 00:00:00+02:00,-0.004951923076923
2025-05-17 01:00:00+02:00,-0.0053333333333333
2025-05-17 02:00:00+02:00,-0.0055754716981132
2025-05-17 03:00:00+02:00,-0.005757281553398
2025-05-17 04:00:00+02:00,-0.0058659793814432
2025-05-17 05:00:00+02:00,-0.0054905660377358
2025-05-17 06:00:00+02:00,-0.0055263157894736
2025-05-17 07:00:00+02:00,-0.0055428571428571
2025-05-17 08:00:00+02:00,-0.0051743119266055
2025-05-17 09:00:00+02:00,-0.005047619047619
2025-05-17 10:00:00+02:00,-0.0053693693693693
2025-05-17 11:00:00+02:00,-0.0051415094339622
2025-05-17 12:00:00+02:00,-0.0054392523364485
2025-05-17 13:00:00+02:00,-0.0053853211009174
2025-05-17 14:00:00+02:00,-0.005190909090909
2025-05-17 15:00:00+02:00,-0.0057339449541284
2025-05-17 16:00:00+02:00,-0.005495238095238
2025-05-17 17:00:00+02:00,-0.00503738317757
2025-05-17 18:00:00+02:00,-0.0049181818181818
2025-05-17 19:00:00+02:00,-0.0057129629629629
2025-05-17 20:00:00+02:00,-0.0055094339622641
2025-05-17 21:00:00+02:00,-0.0049065420560747
2025-05-17 22:00:00+02:00,-0.0047087378640776
2025-05-17 23:00:00+02:00,-0.0052692307692307
2025-05-18 00:00:00+02:00,-0.0056868686868686
2025-05-18 01:00:00+02:00,-0.0059494949494949
2025-05-18 02:00:00+02:00,-0.00575
2025-05-18 03:00:00+02:00,-0.005377358490566
2025-05-18 04:00:00+02:00,-0.0061923076923076
2025-05-18 05:00:00+02:00,-0.0058811881188118
2025-05-18 06:00:00+02:00,-0.0058627450980392
2025-05-18 07:00:00+02:00,-0.0058440366972477
2025-05-18 08:00:00+02:00,-0.0051538461538461
2025-05-18 09:00:00+02:00,-0.0051538461538461
2025-05-18 10:00:00+02:00,-0.0052568807339449
2025-05-18 11:00:00+02:00,-0.0053738317757009
2025-05-18 12:00:00+02:00,-0.0051944444444444
2025-05-18 13:00:00+02:00,-0.0052990654205607
2025-05-18 14:00:00+02:00,-3.4325098039215685
2025-05-18 15:00:00+02:00,-4.955247706422019
2025-05-18 16:00:00+02:00,-0.1490727272727272
2025-05-18 17:00:00+02:00,-0.0050181818181818
2025-05-18 18:00:00+02:00,-0.005254716981132
2025-05-18 19:00:00+02:00,-0.0047941176470588
2025-05-18 20:00:00+02:00,-0.0051588785046728
2025-05-18 21:00:00+02:00,-0.0049523809523809
2025-05-18 22:00:00+02:00,-0.0052454545454545
2025-05-18 23:00:00+02:00,-0.0049454545454545
2025-05-19 00:00:00+02:00,-0.0051666666666666
2025-05-19 01:00:00+02:00,-0.0054509803921568
2025-05-19 02:00:00+02:00,-0.0056203703703703
2025-05-19 03:00:00+02:00,-0.0057027027027027
2025-05-19 04:00:00+02:00,-0.0054903846153846
2025-05-19 05:00:00+02:00,-0.0055192307692307
2025-05-19 06:00:00+02:00,-0.0056396396396396
2025-05-19 07:00:00+02:00,-0.004287037037037
2025-05-19 08:00:00+02:00,-0.0056388888888888
2025-05-19 09:00:00+02:00,-0.0051730769230769
2025-05-19 10:00:00+02:00,-0.0047731958762886
2025-05-19 11:00:00+02:00,-0.0049196428571428
2025-05-19 12:00:00+02:00,-0.0049816513761467
2025-05-19 13:00:00+02:00,-0.0046116504854368
2025-05-19 14:00:00+02:00,-0.0054
2025-05-19 15:00:00+02:00,-0.0052718446601941
2025-05-19 16:00:00+02:00,-0.0054509803921568
2025-05-19 17:00:00+02:00,-0.2846728971962616
2025-05-19 18:00:00+02:00,-0.4396181818181818
2025-05-19 19:00:00+02:00,-0.0049245283018867
2025-05-19 20:00:00+02:00,0.3942589285714286
2025-05-19 21:00:00+02:00,1.7322477876106197
2025-05-19 22:00:00+02:00,1.976094827586207
2025-05-19 23:00:00+02:00,2.389603448275862
2025-05-20 00:00:00+02:00,1.1321858407079646
2025-05-20 01:00:00+02:00,1.1203859649122807
2025-05-20 02:00:00+02:00,1.30951724137931
2025-05-20 03:00:00+02:00,1.5247043478260869
2025-05-20 04:00:00+02:00,1.2666521739130434
2025-05-20 05:00:00+02:00,0.6712695652173913
2025-05-20 06:00:00+02:00,0.3026869565217391
2025-05-20 07:00:00+02:00,-0.5729203539823009
2025-05-20 08:00:00+02:00,-2.8164038461538463
2025-05-20 09:00:00+02:00,-1.7575398230088497
2025-05-20 10:00:00+02:00,-2.6021061946902653
2025-05-20 11:00:00+02:00,-1.3591120689655172
2025-05-20 12:00:00+02:00,-4.856206896551724
2025-05-20 13:00:00+02:00,-2.8619122807017545
2025-05-20 14:00:00+02:00,-0.0057727272727272
2025-05-20 15:00:00+02:00,1.029577981651376
2025-05-20 16:00:00+02:00,-1.2462
2025-05-20 17:00:00+02:00,0.2652222222222222
2025-05-20 18:00:00+02:00,-0.4803652173913043
2025-05-20 19:00:00+02:00,-0.0049010989010989
2025-05-20 20:00:00+02:00,1.13325
2025-05-20 21:00:00+02:00,1.370921739130435
2025-05-20 22:00:00+02:00,2.246572649572649
2025-05-20 23:00:00+02:00,1.5716754385964913
2025-05-21 00:00:00+02:00,1.149
2025-05-21 01:00:00+02:00,1.6671304347826088
2025-05-21 02:00:00+02:00,1.465808695652174
2025-05-21 03:00:00+02:00,1.5859469026548672
2025-05-21 04:00:00+02:00,1.541198275862069
2025-05-21 05:00:00+02:00,1.8945357142857144
2025-05-21 06:00:00+02:00,2.1863534482758618
2025-05-21 07:00:00+02:00,0.4952857142857143
2025-05-21 08:00:00+02:00,-0.0555877192982456
2025-05-21 09:00:00+02:00,0.0859649122807017
2025-05-21 10:00:00+02:00,-0.6294811320754717
2025-05-21 11:00:00+02:00,-3.2031891891891893
2025-05-21 12:00:00+02:00,-0.912091743119266
2025-05-21 13:00:00+02:00,-2.2525555555555563
2025-05-21 14:00:00+02:00,-2.326122641509434
2025-05-21 15:00:00+02:00,-1.3463739130434782
2025-05-21 16:00:00+02:00,-0.9995398230088496
2025-05-21 17:00:00+02:00,0.8576724137931034
2025-05-21 18:00:00+02:00,1.5883478260869566
2025-05-21 19:00:00+02:00,2.286675438596492
2025-05-21 20:00:00+02:00,2.203313043478261
2025-05-21 21:00:00+02:00,2.8409649122807017
2025-05-21 22:00:00+02:00,-0.0054150943396226
2025-05-21 23:00:00+02:00,-0.005578431372549
2025-05-22 00:00:00+02:00,-0.0059
2025-05-22 01:00:00+02:00,-0.0055656565656565
2025-05-22 02:00:00+02:00,-0.0056538461538461
2025-05-22 03:00:00+02:00,-0.0054245283018867
2025-05-22 04:00:00+02:00,-0.0054950495049504
2025-05-22 05:00:00+02:00,-0.0054259259259259
2025-05-22 06:00:00+02:00,-0.0057777777777777
2025-05-22 07:00:00+02:00,-0.0054363636363636
2025-05-22 08:00:00+02:00,-0.0054245283018867
2025-05-22 09:00:00+02:00,-0.0049345794392523
2025-05-22 10:00:00+02:00,-0.0194090909090909
2025-05-22 11:00:00+02:00,-0.0431621621621621
2025-05-22 12:00:00+02:00,-0.0173611111111111
2025-05-22 13:00:00+02:00,-0.005578947368421
2025-05-22 14:00:00+02:00,-0.0052477064220183
2025-05-22 15:00:00+02:00,-0.1602477064220183
2025-05-22 16:00:00+02:00,-0.2526320754716981
2025-05-22 17:00:00+02:00,0.1968928571428571
2025-05-22 18:00:00+02:00,-0.0058828828828828
2025-05-22 19:00:00+02:00,-0.0362110091743119
2025-05-22 20:00:00+02:00,-0.0053805309734513
2025-05-22 21:00:00+02:00,-0.0052363636363636
2025-05-22 22:00:00+02:00,-0.0045981308411214
2025-05-22 23:00:00+02:00,-0.0057289719626168
2025-05-23 00:00:00+02:00,-0.0058
2025-05-23 01:00:00+02:00,-0.005295238095238
2025-05-23 02:00:00+02:00,-0.0059326923076923
2025-05-23 03:00:00+02:00,-0.0051714285714285
2025-05-23 04:00:00+02:00,-0.0059134615384615
2025-05-23 05:00:00+02:00,-0.006095652173913
2025-05-23 06:00:00+02:00,-0.00575
2025-05-23 07:00:00+02:00,-0.1166160714285714
2025-05-23 08:00:00+02:00,-0.8229115044247788
2025-05-23 09:00:00+02:00,-0.8955089285714286
2025-05-23 10:00:00+02:00,1.5130176991150446
2025-05-23 11:00:00+02:00,-0.093233644859813
2025-05-23 12:00:00+02:00,-2.127275229357798
2025-05-23 13:00:00+02:00,-3.348929203539823
2025-05-23 14:00:00+02:00,-3.79122018348624
2025-05-23 15:00:00+02:00,-2.4955675675675675
2025-05-23 16:00:00+02:00,-1.765104347826087
2025-05-23 17:00:00+02:00,-0.345798245614035
2025-05-23 18:00:00+02:00,0.8849067796610169
2025-05-23 19:00:00+02:00,6.658396825396825
2025-05-23 20:00:00+02:00,2.8122844827586206
2025-05-23 21:00:00+02:00,1.680872727272727
2025-05-23 22:00:00+02:00,-0.0062233009708737
2025-05-23 23:00:00+02:00,-0.0054485981308411
2025-05-24 00:00:00+02:00,-0.005576923076923
2025-05-24 01:00:00+02:00,-0.0056851851851851
2025-05-24 02:00:00+02:00,-0.0058265306122448
2025-05-24 03:00:00+02:00,-0.0058461538461538
2025-05-24 04:00:00+02:00,-0.0062407407407407
2025-05-24 05:00:00+02:00,-0.0056893203883495
2025-05-24 06:00:00+02:00,-0.0705794392523364
2025-05-24 07:00:00+02:00,-1.1008347826086955
2025-05-24 08:00:00+02:00,0.5760431034482758
2025-05-24 09:00:00+02:00,-0.6214137931034482
2025-05-24 10:00:00+02:00,-3.2305258620689656
2025-05-24 11:00:00+02:00,-2.7554741379310346
2025-05-24 12:00:00+02:00,-3.391801724137931
2025-05-24 13:00:00+02:00,-4.099775862068966
2025-05-24 14:00:00+02:00,-3.3705126050420167
2025-05-24 15:00:00+02:00,-3.818095652173913
2025-05-24 16:00:00+02:00,-0.2465
2025-05-24 17:00:00+02:00,-0.0045242718446601
2025-05-24 18:00:00+02:00,0.6219633027522935
2025-05-24 19:00:00+02:00,1.4543739130434783
2025-05-24 20:00:00+02:00,-0.3001818181818181
2025-05-24 21:00:00+02:00,1.7623
2025-05-24 22:00:00+02:00,2.082268907563025
2025-05-24 23:00:00+02:00,1.823561403508772
2025-05-25 00:00:00+02:00,1.836449541284404
2025-05-25 01:00:00+02:00,1.6784913793103449
2025-05-25 02:00:00+02:00,1.7398070175438596
2025-05-25 03:00:00+02:00,5.771863157894737
2025-05-25 04:00:00+02:00,-0.005631067961165
2025-05-25 05:00:00+02:00,-0.0058942307692307
2025-05-25 06:00:00+02:00,-0.1774
2025-05-25 07:00:00+02:00,-1.5364385964912282
2025-05-25 08:00:00+02:00,-3.870754385964912
2025-05-25 09:00:00+02:00,-2.6870782608695656
2025-05-25 10:00:00+02:00,-1.1053304347826087
2025-05-25 11:00:00+02:00,-3.840313043478261
2025-05-25 12:00:00+02:00,-2.552793103448276
2025-05-25 13:00:00+02:00,-3.452104347826088
2025-05-25 14:00:00+02:00,-2.3100782608695654
2025-05-25 15:00:00+02:00,-0.0050091743119266
2025-05-25 16:00:00+02:00,-0.0051346153846153
2025-05-25 17:00:00+02:00,-0.0053457943925233
2025-05-25 18:00:00+02:00,-0.2209375
2025-05-25 19:00:00+02:00,1.464991304347826
2025-05-25 20:00:00+02:00,4.512443478260869
2025-05-25 21:00:00+02:00,2.4474434782608694
2025-05-25 22:00:00+02:00,1.693991379310345
2025-05-25 23:00:00+02:00,1.62209649122807
2025-05-26 00:00:00+02:00,4.675079646017699
2025-05-26 01:00:00+02:00,2.580590909090909
2025-05-26 02:00:00+02:00,-0.0065673076923076
2025-05-26 03:00:00+02:00,-0.0068910891089108
2025-05-26 04:00:00+02:00,-0.0059029126213592
2025-05-26 05:00:00+02:00,-0.0065462962962962
2025-05-26 06:00:00+02:00,-0.0063888888888888
2025-05-26 07:00:00+02:00,-0.4931517857142857
2025-05-26 08:00:00+02:00,-0.3750695652173913
2025-05-26 09:00:00+02:00,-0.5789826086956522
2025-05-26 10:00:00+02:00,-4.565330357142857
2025-05-26 11:00:00+02:00,-5.521646017699115
2025-05-26 12:00:00+02:00,-4.194652173913043
2025-05-26 13:00:00+02:00,-3.811412280701753
2025-05-26 14:00:00+02:00,-2.2365
2025-05-26 15:00:00+02:00,-0.0050961538461538
2025-05-26 16:00:00+02:00,-0.0064311926605504
2025-05-26 17:00:00+02:00,-0.0054259259259259
2025-05-26 18:00:00+02:00,-0.1002608695652174
2025-05-26 19:00:00+02:00,-0.200695652173913
2025-05-26 20:00:00+02:00,0.5114434782608696
2025-05-26 21:00:00+02:00,1.6513274336283188
2025-05-26 22:00:00+02:00,2.5030260869565217
2025-05-26 23:00:00+02:00,1.6963739130434785
2025-05-27 00:00:00+02:00,1.4744298245614036
2025-05-27 01:00:00+02:00,1.3708521739130437
2025-05-27 02:00:00+02:00,1.4288173913043478
2025-05-27 03:00:00+02:00,1.5822782608695651
2025-05-27 04:00:00+02:00,1.356182608695652
2025-05-27 05:00:00+02:00,0.9531111111111112
2025-05-27 06:00:00+02:00,0.3003534482758621
2025-05-27 07:00:00+02:00,-1.034929203539823
2025-05-27 08:00:00+02:00,-3.4194954128440367
2025-05-27 09:00:00+02:00,-3.141634782608696
2025-05-27 10:00:00+02:00,-3.915586206896552
2025-05-27 11:00:00+02:00,-3.4147739130434784
2025-05-27 12:00:00+02:00,-0.928342105263158
2025-05-27 13:00:00+02:00,-1.632862068965517
2025-05-27 14:00:00+02:00,-0.0546666666666666
2025-05-27 15:00:00+02:00,-0.0062190476190476
2025-05-27 16:00:00+02:00,0.004156862745098
2025-05-27 17:00:00+02:00,0.673929203539823
2025-05-27 18:00:00+02:00,1.2911810344827586
2025-05-27 19:00:00+02:00,1.659594827586207
2025-05-27 20:00:00+02:00,1.3607478260869563
2025-05-27 21:00:00+02:00,1.3217719298245614
2025-05-27 22:00:00+02:00,1.6083304347826088
2025-05-27 23:00:00+02:00,1.665295652173913
2025-05-28 00:00:00+02:00,8.886079646017699
2025-05-28 01:00:00+02:00,0.1215648148148147
2025-05-28 02:00:00+02:00,0.0238383838383838
2025-05-28 03:00:00+02:00,-0.0063653846153846
2025-05-28 04:00:00+02:00,-0.006626168224299
2025-05-28 05:00:00+02:00,-0.0279454545454545
2025-05-28 06:00:00+02:00,-0.0061619047619047
2025-05-28 07:00:00+02:00,-0.0058611111111111
2025-05-28 08:00:00+02:00,-0.3324684684684684
2025-05-28 09:00:00+02:00,-2.1482631578947364
2025-05-28 10:00:00+02:00,-3.1902857142857144
2025-05-28 11:00:00+02:00,-5.4500990990991
2025-05-28 12:00:00+02:00,-2.8052545454545457
2025-05-28 13:00:00+02:00,-4.3778407079646025
2025-05-28 14:00:00+02:00,-3.363552631578948
2025-05-28 15:00:00+02:00,-0.1788623853211009
2025-05-28 16:00:00+02:00,-0.0065566037735849
2025-05-28 17:00:00+02:00,-0.0062330097087378
2025-05-28 18:00:00+02:00,0.5185754716981132
2025-05-28 19:00:00+02:00,1.1705603448275863
2025-05-28 20:00:00+02:00,1.1022608695652174
2025-05-28 21:00:00+02:00,2.883153846153846
2025-05-28 22:00:00+02:00,1.4674608695652174
2025-05-28 23:00:00+02:00,1.319155172413793
2025-05-29 00:00:00+02:00,1.377982608695652
2025-05-29 01:00:00+02:00,1.4277155172413794
2025-05-29 02:00:00+02:00,1.5044137931034485
2025-05-29 03:00:00+02:00,1.7080350877192982
2025-05-29 04:00:00+02:00,1.4219568965517242
2025-05-29 05:00:00+02:00,0.4338157894736842
2025-05-29 06:00:00+02:00,-0.6999636363636363
2025-05-29 07:00:00+02:00,-2.427348623853211
2025-05-29 08:00:00+02:00,-2.350827272727273
2025-05-29 09:00:00+02:00,0.4676818181818182
2025-05-29 10:00:00+02:00,0.150895652173913
2025-05-29 11:00:00+02:00,-0.5447543859649123
2025-05-29 12:00:00+02:00,-3.994655172413793
2025-05-29 13:00:00+02:00,-4.170026086956522
2025-05-29 14:00:00+02:00,-5.301342105263157
2025-05-29 15:00:00+02:00,-0.4030190476190476
2025-05-29 16:00:00+02:00,-0.1017706422018348
2025-05-29 17:00:00+02:00,-0.0644774774774774
2025-05-29 18:00:00+02:00,-0.1153482142857142
2025-05-29 19:00:00+02:00,0.0323394495412844
2025-05-29 20:00:00+02:00,1.168342105263158
2025-05-29 21:00:00+02:00,1.39509649122807
2025-05-29 22:00:00+02:00,1.6759478260869565
2025-05-29 23:00:00+02:00,1.3297521367521368
2025-05-30 00:00:00+02:00,1.3678684210526315
2025-05-30 01:00:00+02:00,1.0943893805309737
2025-05-30 02:00:00+02:00,1.2730517241379309
2025-05-30 03:00:00+02:00,1.0973620689655172
2025-05-30 04:00:00+02:00,1.3795701754385965
2025-05-30 05:00:00+02:00,0.3180948275862069
2025-05-30 06:00:00+02:00,0.5554396551724138
2025-05-30 07:00:00+02:00,-0.660008695652174
2025-05-30 08:00:00+02:00,-0.1392719298245614
2025-05-30 09:00:00+02:00,-3.2000973451327432
2025-05-30 10:00:00+02:00,-4.529422018348624
2025-05-30 11:00:00+02:00,-2.865429906542056
2025-05-30 12:00:00+02:00,-1.4218125
2025-05-30 13:00:00+02:00,-1.7905701754385963
2025-05-30 14:00:00+02:00,-0.4940761904761905
2025-05-30 15:00:00+02:00,-0.00666
2025-05-30 16:00:00+02:00,-0.0062018348623853
2025-05-30 17:00:00+02:00,-0.1629279279279279
2025-05-30 18:00:00+02:00,-0.0056388888888888
2025-05-30 19:00:00+02:00,-0.0010442477876106
2025-05-30 20:00:00+02:00,0.763929203539823
2025-05-30 21:00:00+02:00,1.3036454545454546
2025-05-30 22:00:00+02:00,1.3650438596491228
2025-05-30 23:00:00+02:00,1.357392857142857
2025-05-31 00:00:00+02:00,0.9682678571428572
2025-05-31 01:00:00+02:00,2.2428793103448275
2025-05-31 02:00:00+02:00,1.0907413793103449
2025-05-31 03:00:00+02:00,0.987578947368421
2025-05-31 04:00:00+02:00,1.3844051724137931
2025-05-31 05:00:00+02:00,0.7020521739130434
2025-05-31 06:00:00+02:00,0.3861043478260869
2025-05-31 07:00:00+02:00,-1.2321759259259262
2025-05-31 08:00:00+02:00,-4.518873873873874
2025-05-31 09:00:00+02:00,0.0206666666666666
2025-05-31 10:00:00+02:00,-5.8312
2025-05-31 11:00:00+02:00,-3.1239473684210526
2025-05-31 12:00:00+02:00,-0.0052169811320754
2025-05-31 13:00:00+02:00,-0.0049238095238095
2025-05-31 14:00:00+02:00,-0.0047678571428571
2025-05-31 15:00:00+02:00,-0.0049363636363636
2025-05-31 16:00:00+02:00,-0.132302752293578
2025-05-31 17:00:00+02:00,-0.0050087719298245
2025-05-31 18:00:00+02:00,1.2474608695652174
2025-05-31 19:00:00+02:00,-0.012
2025-05-31 20:00:00+02:00,-1.243672727272727
2025-05-31 21:00:00+02:00,1.281135593220339
2025-05-31 22:00:00+02:00,1.2207521367521368
2025-05-31 23:00:00+02:00,1.628128205128205
2025-06-01 00:00:00+02:00,4.641938596491228
2025-06-01 01:00:00+02:00,4.966427350427351
2025-06-01 02:00:00+02:00,4.859721739130435
2025-06-01 03:00:00+02:00,0.0393831775700934
2025-06-01 04:00:00+02:00,-0.0063076923076923
2025-06-01 05:00:00+02:00,-0.0059603960396039
2025-06-01 06:00:00+02:00,-0.1581226415094339
2025-06-01 07:00:00+02:00,-1.769422018348624
2025-06-01 08:00:00+02:00,-3.0757943925233646
2025-06-01 09:00:00+02:00,1.9245701754385964
2025-06-01 10:00:00+02:00,-0.0056
2025-06-01 11:00:00+02:00,-1.897140350877193
2025-06-01 12:00:00+02:00,-3.998675925925926
2025-06-01 13:00:00+02:00,-3.487736842105264
2025-06-01 14:00:00+02:00,-3.5197394957983192
2025-06-01 15:00:00+02:00,-5.682974358974359
2025-06-01 16:00:00+02:00,-0.2545809523809524
2025-06-01 17:00:00+02:00,-0.0064869565217391
2025-06-01 18:00:00+02:00,-0.0605565217391304
2025-06-01 19:00:00+02:00,0.846198275862069
2025-06-01 20:00:00+02:00,1.225593220338983
2025-06-01 21:00:00+02:00,1.2718403361344537
2025-06-01 22:00:00+02:00,1.4908706896551722
2025-06-01 23:00:00+02:00,1.3599661016949152
2025-06-02 00:00:00+02:00,1.5316206896551725
2025-06-02 01:00:00+02:00,1.4133813559322037
2025-06-02 02:00:00+02:00,1.6020603448275863
2025-06-02 03:00:00+02:00,1.173923728813559
2025-06-02 04:00:00+02:00,1.9011610169491528
2025-06-02 05:00:00+02:00,1.166135593220339
2025-06-02 06:00:00+02:00,-0.0714912280701754
2025-06-02 07:00:00+02:00,-1.200342105263158
2025-06-02 08:00:00+02:00,-4.861722222222222
2025-06-02 09:00:00+02:00,-4.4802719298245615
2025-06-02 10:00:00+02:00,-4.1804434782608695
2025-06-02 11:00:00+02:00,-1.4651186440677966
2025-06-02 12:00:00+02:00,-1.7102410714285712
2025-06-02 13:00:00+02:00,0.0046875
2025-06-02 14:00:00+02:00,0.6072946428571429
2025-06-02 15:00:00+02:00,-0.0636666666666666
2025-06-02 16:00:00+02:00,1.151608695652174
2025-06-02 17:00:00+02:00,-1.091017094017094
2025-06-02 18:00:00+02:00,0.405948717948718
2025-06-02 19:00:00+02:00,0.148042735042735
2025-06-02 20:00:00+02:00,0.4324695652173912
2025-06-02 21:00:00+02:00,1.358449152542373
2025-06-02 22:00:00+02:00,1.3746638655462184
2025-06-02 23:00:00+02:00,1.4924273504273504
2025-06-03 00:00:00+02:00,4.40046551724138
2025-06-03 01:00:00+02:00,4.194824561403508
2025-06-03 02:00:00+02:00,1.2907179487179488
2025-06-03 03:00:00+02:00,1.5047652173913042
2025-06-03 04:00:00+02:00,0.8666896551724138
2025-06-03 05:00:00+02:00,0.0147117117117117
2025-06-03 06:00:00+02:00,-0.0447980769230769
2025-06-03 07:00:00+02:00,-1.293642857142857
2025-06-03 08:00:00+02:00,-4.694936363636363
2025-06-03 09:00:00+02:00,-4.625046728971963
2025-06-03 10:00:00+02:00,-5.938358974358975
2025-06-03 11:00:00+02:00,-5.107026548672566
2025-06-03 12:00:00+02:00,-0.0082636363636363
2025-06-03 13:00:00+02:00,-0.2741081081081081
2025-06-03 14:00:00+02:00,0.0038333333333333
2025-06-03 15:00:00+02:00,-0.14784
2025-06-03 16:00:00+02:00,-0.0049626168224299
2025-06-03 17:00:00+02:00,0.020326923076923
2025-06-03 18:00:00+02:00,-0.1100175438596491
2025-06-03 19:00:00+02:00,-0.0049134615384615
2025-06-03 20:00:00+02:00,0.0494912280701754
2025-06-03 21:00:00+02:00,1.1503076923076925
2025-06-03 22:00:00+02:00,1.3225470085470084
2025-06-03 23:00:00+02:00,1.4751293103448275
2025-06-04 00:00:00+02:00,1.9500689655172407
2025-06-04 01:00:00+02:00,1.5876521739130436
2025-06-04 02:00:00+02:00,1.4667155172413793
2025-06-04 03:00:00+02:00,1.5145258620689657
2025-06-04 04:00:00+02:00,1.2439827586206895
2025-06-04 05:00:00+02:00,1.2742649572649574
2025-06-04 06:00:00+02:00,0.5734102564102564
2025-06-04 07:00:00+02:00,-1.6790526315789474
2025-06-04 08:00:00+02:00,-4.815267857142857
2025-06-04 09:00:00+02:00,-6.175855855855856
2025-06-04 10:00:00+02:00,-2.095669642857142
2025-06-04 11:00:00+02:00,-0.9583363636363637
2025-06-04 12:00:00+02:00,-0.0049823008849557
2025-06-04 13:00:00+02:00,-0.0052543859649122
2025-06-04 14:00:00+02:00,-0.00475
2025-06-04 15:00:00+02:00,-0.1618703703703704
2025-06-04 16:00:00+02:00,-0.0050363636363636
2025-06-04 17:00:00+02:00,0.8357894736842105
2025-06-04 18:00:00+02:00,5.029210526315789
2025-06-04 19:00:00+02:00,2.9530084745762712
2025-06-04 20:00:00+02:00,1.2564830508474576
2025-06-04 21:00:00+02:00,2.875210084033613
2025-06-04 22:00:00+02:00,1.8962307692307687
2025-06-04 23:00:00+02:00,1.3555391304347828
2025-06-05 00:00:00+02:00,2.9132242990654205
2025-06-05 01:00:00+02:00,-0.0059622641509433
2025-06-05 02:00:00+02:00,-0.0065181818181818
2025-06-05 03:00:00+02:00,-0.0064018691588785
2025-06-05 04:00:00+02:00,-0.0060545454545454
2025-06-05 05:00:00+02:00,-0.0067264150943396
2025-06-05 06:00:00+02:00,-0.0065272727272727
2025-06-05 07:00:00+02:00,-1.9891261261261264
2025-06-05 08:00:00+02:00,-1.47235593220339
2025-06-05 09:00:00+02:00,-4.291926605504587
2025-06-05 10:00:00+02:00,-6.249610169491525
2025-06-05 11:00:00+02:00,-5.684724137931035
2025-06-05 12:00:00+02:00,-1.9202454545454544
2025-06-05 13:00:00+02:00,-0.0067232142857142
2025-06-05 14:00:00+02:00,-0.0057719298245614
2025-06-05 15:00:00+02:00,-0.1559174311926605
2025-06-05 16:00:00+02:00,-0.0062037037037037
2025-06-05 17:00:00+02:00,-0.006066037735849
2025-06-05 18:00:00+02:00,-0.0063482142857142
2025-06-05 19:00:00+02:00,0.0584907407407407
2025-06-05 20:00:00+02:00,0.3582735042735043
2025-06-05 21:00:00+02:00,1.1346410256410255
2025-06-05 22:00:00+02:00,1.2334310344827586
2025-06-05 23:00:00+02:00,1.2143050847457628
2025-06-06 00:00:00+02:00,2.107858407079646
2025-06-06 01:00:00+02:00,1.3241344537815125
2025-06-06 02:00:00+02:00,1.2737826086956523
2025-06-06 03:00:00+02:00,1.133584745762712
2025-06-06 04:00:00+02:00,0.7657844827586207
2025-06-06 05:00:00+02:00,0.0836495726495726
2025-06-06 06:00:00+02:00,-0.7487079646017699
2025-06-06 07:00:00+02:00,-1.8871944444444444
2025-06-06 08:00:00+02:00,-2.614288288288288
2025-06-06 09:00:00+02:00,-2.040860869565217
2025-06-06 10:00:00+02:00,-1.0492521739130434
2025-06-06 11:00:00+02:00,-3.3726521739130435
2025-06-06 12:00:00+02:00,-1.378982142857143
2025-06-06 13:00:00+02:00,0.5679285714285714
2025-06-06 14:00:00+02:00,3.232245762711864
2025-06-06 15:00:00+02:00,-0.4972321428571428
2025-06-06 16:00:00+02:00,-1.6020714285714288
2025-06-06 17:00:00+02:00,-0.904433628318584
2025-06-06 18:00:00+02:00,1.861543103448276
2025-06-06 19:00:00+02:00,2.2254705882352943
2025-06-06 20:00:00+02:00,2.486793103448276
2025-06-06 21:00:00+02:00,1.8690353982300885
2025-06-06 22:00:00+02:00,3.860077586206897
2025-06-06 23:00:00+02:00,2.10617094017094
2025-06-07 00:00:00+02:00,3.189954954954956
2025-06-07 01:00:00+02:00,0.0171203703703703
2025-06-07 02:00:00+02:00,-0.0068073394495412
2025-06-07 03:00:00+02:00,-0.0057941176470588
2025-06-07 04:00:00+02:00,-0.0064339622641509
2025-06-07 05:00:00+02:00,-0.0066036036036036
2025-06-07 06:00:00+02:00,-1.1275855855855856
2025-06-07 07:00:00+02:00,-1.1337964601769912
2025-06-07 08:00:00+02:00,-0.6768468468468468
2025-06-07 09:00:00+02:00,-1.341169642857143
2025-06-07 10:00:00+02:00,-2.0999745762711863
2025-06-07 11:00:00+02:00,-3.9003391304347823
2025-06-07 12:00:00+02:00,-4.165419642857144
2025-06-07 13:00:00+02:00,-3.517236842105264
2025-06-07 14:00:00+02:00,-0.7496495726495727
2025-06-07 15:00:00+02:00,1.745957264957265
2025-06-07 16:00:00+02:00,0.2376206896551724
2025-06-07 17:00:00+02:00,-0.8222478632478633
2025-06-07 18:00:00+02:00,-0.1382327586206896
2025-06-07 19:00:00+02:00,-1.975891891891892
2025-06-07 20:00:00+02:00,0.6260775862068965
2025-06-07 21:00:00+02:00,1.807076923076923
2025-06-07 22:00:00+02:00,1.946603448275862
2025-06-07 23:00:00+02:00,1.817543103448276
2025-06-08 00:00:00+02:00,1.5020176991150445
2025-06-08 01:00:00+02:00,1.385957627118644
2025-06-08 02:00:00+02:00,1.353350427350427
2025-06-08 03:00:00+02:00,1.5136101694915254
2025-06-08 04:00:00+02:00,1.035813559322034
2025-06-08 05:00:00+02:00,-0.1763565217391304
2025-06-08 06:00:00+02:00,-1.3036545454545456
2025-06-08 07:00:00+02:00,-2.6961926605504583
2025-06-08 08:00:00+02:00,-3.959330275229358
2025-06-08 09:00:00+02:00,-4.8985752212389375
2025-06-08 10:00:00+02:00,-3.4231441441441444
2025-06-08 11:00:00+02:00,-1.00075
2025-06-08 12:00:00+02:00,-0.2394150943396226
2025-06-08 13:00:00+02:00,-0.0056509433962264
2025-06-08 14:00:00+02:00,-0.1581142857142857
2025-06-08 15:00:00+02:00,-0.0053962264150943
2025-06-08 16:00:00+02:00,0.0384036697247706
2025-06-08 17:00:00+02:00,0.4210254237288136
2025-06-08 18:00:00+02:00,-0.4807521367521368
2025-06-08 19:00:00+02:00,2.82684347826087
2025-06-08 20:00:00+02:00,1.1158556701030928
2025-06-08 21:00:00+02:00,1.3393728813559318
2025-06-08 22:00:00+02:00,2.997803418803419
2025-06-08 23:00:00+02:00,1.333669565217391
2025-06-09 00:00:00+02:00,1.6542068965517245
2025-06-09 01:00:00+02:00,1.3919304347826087
2025-06-09 02:00:00+02:00,1.3821101694915252
2025-06-09 03:00:00+02:00,1.0429401709401709
2025-06-09 04:00:00+02:00,1.040895652173913
2025-06-09 05:00:00+02:00,0.7021111111111111
2025-06-09 06:00:00+02:00,-0.8674272727272727
2025-06-09 07:00:00+02:00,-2.0984907407407407
2025-06-09 08:00:00+02:00,-0.1870756302521008
2025-06-09 09:00:00+02:00,-1.7281304347826087
2025-06-09 10:00:00+02:00,-1.858818965517241
2025-06-09 11:00:00+02:00,-6.728305084745762
2025-06-09 12:00:00+02:00,-5.927525423728814
2025-06-09 13:00:00+02:00,-0.4072660550458716
2025-06-09 14:00:00+02:00,-0.0043703703703703
2025-06-09 15:00:00+02:00,-0.0049906542056074
2025-06-09 16:00:00+02:00,-0.0058727272727272
2025-06-09 17:00:00+02:00,-0.1707714285714285
2025-06-09 18:00:00+02:00,0.0461981132075471
2025-06-09 19:00:00+02:00,4.4770956521739125
2025-06-09 20:00:00+02:00,4.114
2025-06-09 21:00:00+02:00,2.2571724137931035
2025-06-09 22:00:00+02:00,1.3039478260869564
2025-06-09 23:00:00+02:00,1.157905172413793
2025-06-10 00:00:00+02:00,1.136072072072072
2025-06-10 01:00:00+02:00,1.0490347826086956
2025-06-10 02:00:00+02:00,1.2816608695652174
2025-06-10 03:00:00+02:00,1.2252212389380532
2025-06-10 04:00:00+02:00,0.7552321428571429
2025-06-10 05:00:00+02:00,-0.0455765765765765
2025-06-10 06:00:00+02:00,-0.5328318584070796
2025-06-10 07:00:00+02:00,-2.084309090909091
2025-06-10 08:00:00+02:00,-3.510111111111112
2025-06-10 09:00:00+02:00,-1.7077387387387388
2025-06-10 10:00:00+02:00,4.234810344827586
2025-06-10 11:00:00+02:00,1.4541592920353985
2025-06-10 12:00:00+02:00,-3.0032280701754384
2025-06-10 13:00:00+02:00,-5.243350877192983
2025-06-10 14:00:00+02:00,-5.874474137931035
2025-06-10 15:00:00+02:00,-3.441254545454546
2025-06-10 16:00:00+02:00,-0.3439298245614035
2025-06-10 17:00:00+02:00,-2.2156909090909087
2025-06-10 18:00:00+02:00,-0.1474778761061946
2025-06-10 19:00:00+02:00,1.5465688073394497
2025-06-10 20:00:00+02:00,3.59875
2025-06-10 21:00:00+02:00,3.6002260869565217
2025-06-10 22:00:00+02:00,3.5977631578947364
2025-06-10 23:00:00+02:00,3.5967413793103447
2025-06-11 00:00:00+02:00,3.009212389380531
2025-06-11 01:00:00+02:00,0.3448165137614679
2025-06-11 02:00:00+02:00,0.0190679611650485
2025-06-11 03:00:00+02:00,-0.0063818181818181
2025-06-11 04:00:00+02:00,-0.0069622641509433
2025-06-11 05:00:00+02:00,-0.0068727272727272
2025-06-11 06:00:00+02:00,-0.5889266055045872
2025-06-11 07:00:00+02:00,-2.359037037037037
2025-06-11 08:00:00+02:00,-3.3495471698113204
2025-06-11 09:00:00+02:00,-2.647529411764706
2025-06-11 10:00:00+02:00,0.2445999999999999
2025-06-11 11:00:00+02:00,0.0736697247706422
2025-06-11 12:00:00+02:00,-2.510036363636364
2025-06-11 13:00:00+02:00,-5.452876106194691
2025-06-11 14:00:00+02:00,-2.2068245614035087
2025-06-11 15:00:00+02:00,-1.8404909090909087
2025-06-11 16:00:00+02:00,-1.276718181818182
2025-06-11 17:00:00+02:00,0.6996206896551724
2025-06-11 18:00:00+02:00,0.3985862068965516
2025-06-11 19:00:00+02:00,1.4048761061946902
2025-06-11 20:00:00+02:00,1.341301724137931
2025-06-11 21:00:00+02:00,2.165417391304348
2025-06-11 22:00:00+02:00,0.910217391304348
2025-06-11 23:00:00+02:00,2.1258245614035087
2025-06-12 00:00:00+02:00,1.243008928571429
2025-06-12 01:00:00+02:00,4.389652173913043
2025-06-12 02:00:00+02:00,3.809165217391304
2025-06-12 03:00:00+02:00,-0.0040093457943925
2025-06-12 04:00:00+02:00,-0.0053207547169811
2025-06-12 05:00:00+02:00,-0.0053644859813084
2025-06-12 06:00:00+02:00,-0.0061698113207547
2025-06-12 07:00:00+02:00,-1.818787037037037
2025-06-12 08:00:00+02:00,-2.0741478260869566
2025-06-12 09:00:00+02:00,-5.319348214285714
2025-06-12 10:00:00+02:00,-4.875172413793103
2025-06-12 11:00:00+02:00,-4.34553448275862
2025-06-12 12:00:00+02:00,-2.7867345132743364
2025-06-12 13:00:00+02:00,-0.0041153846153846
2025-06-12 14:00:00+02:00,-0.0054150943396226
2025-06-12 15:00:00+02:00,-0.0050654205607476
2025-06-12 16:00:00+02:00,-0.1433669724770642
2025-06-12 17:00:00+02:00,-0.0048648648648648
2025-06-12 18:00:00+02:00,-0.0047
2025-06-12 19:00:00+02:00,-0.0048867924528301
2025-06-12 20:00:00+02:00,1.984361111111111
2025-06-12 21:00:00+02:00,5.759743362831858
2025-06-12 22:00:00+02:00,4.120791304347826
2025-06-12 23:00:00+02:00,4.075140350877192
2025-06-13 00:00:00+02:00,3.196801801801802
2025-06-13 01:00:00+02:00,-0.0060857142857142
2025-06-13 02:00:00+02:00,-0.0062095238095238
2025-06-13 03:00:00+02:00,-0.0069727272727272
2025-06-13 04:00:00+02:00,-0.0063888888888888
2025-06-13 05:00:00+02:00,-0.0064660194174757
2025-06-13 06:00:00+02:00,-0.0066571428571428
2025-06-13 07:00:00+02:00,-1.629339285714286
2025-06-13 08:00:00+02:00,-4.766468468468468
2025-06-13 09:00:00+02:00,-7.496887931034482
2025-06-13 10:00:00+02:00,-6.57671186440678
2025-06-13 11:00:00+02:00,-0.8890555555555555
2025-06-13 12:00:00+02:00,-0.0058181818181818
2025-06-13 13:00:00+02:00,-0.0058125
2025-06-13 14:00:00+02:00,-0.2052385321100917
2025-06-13 15:00:00+02:00,-0.0050666666666666
2025-06-13 16:00:00+02:00,-0.0064038461538461
2025-06-13 17:00:00+02:00,-0.0055
2025-06-13 18:00:00+02:00,-0.18874
2025-06-13 19:00:00+02:00,-0.0059019607843137
2025-06-13 20:00:00+02:00,-0.0055495495495495
2025-06-13 21:00:00+02:00,0.8236422018348624
2025-06-13 22:00:00+02:00,1.3525128205128203
2025-06-13 23:00:00+02:00,1.205478260869565
2025-06-14 00:00:00+02:00,1.2204298245614036
2025-06-14 01:00:00+02:00,1.3343675213675217
2025-06-14 02:00:00+02:00,1.2246991150442474
2025-06-14 03:00:00+02:00,1.3545847457627118
2025-06-14 04:00:00+02:00,1.0711293103448276
2025-06-14 05:00:00+02:00,0.6765897435897436
2025-06-14 06:00:00+02:00,0.0590526315789473
2025-06-14 07:00:00+02:00,-1.5311203703703704
2025-06-14 08:00:00+02:00,-4.875085714285714
2025-06-14 09:00:00+02:00,-5.713201834862385
2025-06-14 10:00:00+02:00,-0.004490909090909
2025-06-14 11:00:00+02:00,-0.0044220183486238
2025-06-14 12:00:00+02:00,-0.004757281553398
2025-06-14 13:00:00+02:00,-0.0049909909909909
2025-06-14 14:00:00+02:00,-0.1789724770642201
2025-06-14 15:00:00+02:00,-0.0047476635514018
2025-06-14 16:00:00+02:00,-0.005
2025-06-14 17:00:00+02:00,-0.0050818181818181
2025-06-14 18:00:00+02:00,-0.1930900900900901
2025-06-14 19:00:00+02:00,-0.0051071428571428
2025-06-14 20:00:00+02:00,0.1631467889908257
2025-06-14 21:00:00+02:00,1.3945470085470084
2025-06-14 22:00:00+02:00,1.3759224137931034
2025-06-14 23:00:00+02:00,1.1338620689655172
2025-06-15 00:00:00+02:00,1.3113859649122808
2025-06-15 01:00:00+02:00,1.0403898305084747
2025-06-15 02:00:00+02:00,1.111279661016949
2025-06-15 03:00:00+02:00,1.070811965811966
2025-06-15 04:00:00+02:00,0.883408695652174
2025-06-15 05:00:00+02:00,-0.34655555555555556
2025-06-15 06:00:00+02:00,-1.3774716981132076
2025-06-15 07:00:00+02:00,-1.4330625
2025-06-15 08:00:00+02:00,-4.804536363636363
2025-06-15 09:00:00+02:00,-3.4383818181818184
2025-06-15 10:00:00+02:00,-0.006141509433962264
2025-06-15 11:00:00+02:00,-0.005859649122807017
2025-06-15 12:00:00+02:00,-0.005873873873873874
2025-06-15 13:00:00+02:00,-0.14412727272727271
2025-06-15 14:00:00+02:00,-0.0047672413793103455
2025-06-15 15:00:00+02:00,-0.006357798165137616
2025-06-15 16:00:00+02:00,-0.005898148148148148
2025-06-15 17:00:00+02:00,-0.17628703703703705
2025-06-15 18:00:00+02:00,-0.0053125
2025-06-15 19:00:00+02:00,-0.006223214285714286
2025-06-15 20:00:00+02:00,0.4371724137931034
2025-06-15 21:00:00+02:00,0.9358141592920354
2025-06-15 22:00:00+02:00,1.7072136752136753
2025-06-15 23:00:00+02:00,1.425689075630252
2025-06-16 00:00:00+02:00,4.273
2025-06-16 01:00:00+02:00,0.0
2025-06-16 02:00:00+02:00,0.0
2025-06-16 03:00:00+02:00,0.0
2025-06-16 04:00:00+02:00,0.0
2025-06-16 05:00:00+02:00,0.0
2025-06-16 06:00:00+02:00,0.0
2025-06-16 07:00:00+02:00,0.0
2025-06-16 08:00:00+02:00,0.0
2025-06-16 09:00:00+02:00,0.0
2025-06-16 10:00:00+02:00,0.0
2025-06-16 11:00:00+02:00,0.0
2025-06-16 12:00:00+02:00,0.0
2025-06-16 13:00:00+02:00,0.0
2025-06-16 14:00:00+02:00,0.0
2025-06-16 15:00:00+02:00,0.0
2025-06-16 16:00:00+02:00,0.0
2025-06-16 17:00:00+02:00,0.0
2025-06-16 18:00:00+02:00,0.0
2025-06-16 19:00:00+02:00,0.0
2025-06-16 20:00:00+02:00,0.0
2025-06-16 21:00:00+02:00,0.0
2025-06-16 22:00:00+02:00,0.0
2025-06-16 23:00:00+02:00,0.0
